user_id,plan,age,monetary_value,frequency_value,recency_value,group,score,churned
4,0,1,1,2,2,1,11,1
5,0,2,1,1,1,1,6,1
13,0,2,1,1,2,1,9,1
14,0,3,1,1,2,1,9,1
18,0,2,1,1,1,1,6,1
22,0,3,1,2,2,1,11,1
26,0,2,1,1,2,1,9,1
27,0,3,1,1,2,1,9,1
30,0,1,2,2,1,1,9,1
32,0,2,1,2,2,1,11,1
38,0,3,1,1,2,1,9,1
45,0,2,1,1,2,1,9,1
46,0,1,1,1,2,1,9,1
48,0,2,1,1,2,1,9,1
49,0,1,1,1,2,1,9,1
50,0,2,1,1,2,1,9,1
57,0,3,1,1,1,1,6,1
63,0,2,2,1,2,1,10,1
64,0,2,1,1,2,1,9,1
71,0,2,1,1,2,1,9,1
74,0,1,1,1,1,1,6,1
77,0,2,1,1,2,1,9,1
79,0,2,1,1,2,1,9,1
88,0,1,1,1,2,1,9,1
95,0,1,1,1,1,1,6,1
103,0,2,2,1,1,1,7,1
104,0,3,2,1,1,1,7,1
105,0,2,1,1,2,1,9,1
122,0,2,1,1,1,1,6,1
130,0,1,1,1,2,1,9,1
134,0,3,2,1,2,1,10,1
142,0,1,1,1,2,1,9,1
145,0,1,1,1,2,1,9,1
147,0,2,1,1,2,1,9,1
149,0,2,1,2,2,1,11,1
150,0,2,1,1,2,1,9,1
153,0,2,1,1,2,1,9,1
157,0,3,1,1,1,1,6,1
165,0,3,1,1,1,1,6,1
171,0,3,1,1,2,1,9,1
176,0,2,1,1,2,1,9,1
177,0,1,1,1,2,1,9,1
178,0,2,1,1,2,1,9,1
182,0,2,1,1,2,1,9,1
189,0,2,1,1,2,1,9,1
190,0,1,1,1,2,1,9,1
195,0,3,1,1,1,1,6,1
197,0,2,2,1,1,1,7,1
203,0,2,1,1,1,1,6,1
210,0,3,4,1,1,1,9,1
220,0,3,1,1,1,1,6,1
231,0,1,2,1,2,1,10,1
234,0,1,2,2,1,1,9,1
237,0,1,1,1,2,1,9,1
246,0,2,1,1,2,1,9,1
255,0,3,1,1,2,1,9,1
256,0,3,1,1,1,1,6,1
260,0,2,1,1,2,1,9,1
264,0,2,3,1,2,1,11,1
266,0,1,2,2,1,1,9,1
270,0,2,1,1,2,1,9,1
271,0,2,2,1,2,1,10,1
273,0,2,1,1,2,1,9,1
276,0,2,2,1,2,1,10,1
285,0,3,1,1,2,1,9,1
289,0,2,1,1,1,1,6,1
291,0,3,1,1,1,1,6,1
301,0,2,1,1,2,1,9,1
313,0,1,1,2,1,1,8,1
316,0,2,1,1,2,1,9,1
321,0,3,1,1,2,1,9,1
323,0,2,1,1,2,1,9,1
326,0,1,1,1,1,1,6,1
329,0,3,1,2,1,1,8,1
331,0,1,1,1,2,1,9,1
334,0,1,2,1,2,1,10,1
338,0,2,1,1,1,1,6,1
340,0,2,1,1,1,1,6,1
341,0,2,1,1,2,1,9,1
342,0,2,1,1,2,1,9,1
344,0,1,1,1,2,1,9,1
348,0,2,1,1,2,1,9,1
355,0,3,2,1,1,1,7,1
358,0,3,1,1,2,1,9,1
363,0,2,2,2,1,1,9,1
368,0,1,1,1,2,1,9,1
369,0,2,1,1,2,1,9,1
375,0,2,1,1,1,1,6,1
376,0,1,1,1,2,1,9,1
383,0,2,1,1,1,1,6,1
391,0,2,1,1,1,1,6,1
394,0,2,1,1,2,1,9,1
397,0,1,1,1,2,1,9,1
411,0,2,1,1,2,1,9,1
412,0,2,1,1,2,1,9,1
425,0,2,1,1,2,1,9,1
432,0,2,2,1,2,1,10,1
433,0,1,1,1,2,1,9,1
434,0,2,1,1,1,1,6,1
439,0,3,1,1,1,1,6,1
442,0,3,1,1,1,1,6,1
446,0,1,1,1,2,1,9,1
449,0,2,2,1,1,1,7,1
456,0,3,1,1,2,1,9,1
460,0,1,2,1,2,1,10,1
466,0,1,1,2,2,1,11,1
469,0,2,2,1,1,1,7,1
471,0,2,1,1,2,1,9,1
475,0,2,2,1,1,1,7,1
478,0,3,1,1,2,1,9,1
493,0,1,1,1,2,1,9,1
494,0,1,1,1,2,1,9,1
495,0,2,1,1,2,1,9,1
499,0,1,2,1,2,1,10,1
502,0,2,2,1,2,1,10,1
505,0,1,1,1,1,1,6,1
528,0,3,1,1,1,1,6,1
538,0,1,1,1,1,1,6,1
550,0,3,4,2,1,1,11,1
569,0,1,1,1,2,1,9,1
572,0,2,2,1,1,1,7,1
575,0,2,2,1,1,1,7,1
580,0,2,1,1,2,1,9,1
586,0,2,1,2,1,1,8,1
590,0,2,1,1,1,1,6,1
592,0,2,2,1,1,1,7,1
596,0,2,1,1,2,1,9,1
597,0,3,1,1,2,1,9,1
598,0,2,1,1,2,1,9,1
601,0,1,1,1,2,1,9,1
603,0,2,1,1,1,1,6,1
604,0,2,1,2,2,1,11,1
605,0,3,1,1,2,1,9,1
612,0,3,1,1,2,1,9,1
623,0,3,2,1,1,1,7,1
627,0,2,3,1,2,1,11,1
633,0,1,1,1,2,1,9,1
638,0,1,1,1,2,1,9,1
650,0,1,1,1,2,1,9,1
657,0,2,1,1,2,1,9,1
666,1,2,1,1,1,1,6,1
667,0,2,1,1,2,1,9,1
681,0,1,1,1,1,1,6,1
684,0,1,1,1,1,1,6,1
685,0,2,1,1,1,1,6,1
693,0,1,1,1,1,1,6,1
698,1,3,1,1,1,1,6,1
700,0,2,1,1,2,1,9,1
702,0,2,1,1,1,1,6,1
705,0,3,1,1,2,1,9,1
710,0,2,1,1,1,1,6,1
719,0,1,1,1,2,1,9,1
725,0,1,1,1,1,1,6,1
726,0,1,1,1,2,1,9,1
731,0,2,1,1,2,1,9,1
737,0,2,1,1,1,1,6,1
739,0,2,1,1,2,1,9,1
745,0,3,1,1,1,1,6,1
749,0,2,1,1,2,1,9,1
752,0,3,1,1,1,1,6,1
756,0,3,1,1,1,1,6,1
759,0,3,1,1,1,1,6,1
760,0,1,2,1,1,1,7,1
761,0,2,1,1,2,1,9,1
762,0,1,1,1,2,1,9,1
763,0,2,1,1,1,1,6,1
766,0,2,1,1,1,1,6,1
773,0,2,1,1,1,1,6,1
777,0,2,1,1,1,1,6,1
779,0,2,1,1,2,1,9,1
783,0,3,2,1,2,1,10,1
784,0,2,1,1,1,1,6,1
785,0,1,1,1,1,1,6,1
789,0,2,1,1,2,1,9,1
791,0,2,2,1,1,1,7,1
799,0,1,4,1,1,1,9,1
805,0,3,1,1,1,1,6,1
807,0,3,1,1,1,1,6,1
811,0,1,1,1,2,1,9,1
820,0,2,1,1,1,1,6,1
821,0,2,2,1,2,1,10,1
822,0,2,1,1,1,1,6,1
825,0,3,1,1,1,1,6,1
831,0,2,1,1,1,1,6,1
835,0,3,3,1,2,1,11,1
836,0,2,1,1,2,1,9,1
840,0,2,2,1,1,1,7,1
842,0,1,1,1,2,1,9,1
846,0,2,1,1,1,1,6,1
853,0,2,1,2,2,1,11,1
855,0,2,1,1,1,1,6,1
856,0,2,1,1,2,1,9,1
862,0,2,1,1,2,1,9,1
866,0,2,1,1,2,1,9,1
869,0,2,1,1,2,1,9,1
873,0,1,1,1,1,1,6,1
877,0,3,1,1,2,1,9,1
879,0,2,2,1,2,1,10,1
882,0,3,1,1,1,1,6,1
885,0,2,1,1,1,1,6,1
889,0,3,1,1,2,1,9,1
891,0,2,1,1,2,1,9,1
894,0,1,1,1,1,1,6,1
896,0,2,1,1,1,1,6,1
903,0,2,1,2,2,1,11,1
905,0,3,1,1,1,1,6,1
916,0,2,1,1,1,1,6,1
917,0,3,1,1,2,1,9,1
922,0,2,1,1,1,1,6,1
930,0,2,1,1,2,1,9,1
931,0,1,1,1,1,1,6,1
938,0,2,2,1,2,1,10,1
939,0,1,1,1,2,1,9,1
940,0,2,2,1,2,1,10,1
941,0,1,1,1,1,1,6,1
944,0,2,1,1,1,1,6,1
948,0,1,2,1,1,1,7,1
949,0,2,2,1,2,1,10,1
955,0,2,1,1,1,1,6,1
956,0,3,1,1,1,1,6,1
964,0,2,1,1,2,1,9,1
965,0,1,1,1,1,1,6,1
966,0,1,1,1,1,1,6,1
968,0,1,1,1,2,1,9,1
970,0,1,1,1,2,1,9,1
972,0,2,1,1,1,1,6,1
992,0,1,1,1,1,1,6,1
995,0,2,2,2,1,1,9,1
1015,0,2,1,1,1,1,6,1
1018,0,2,1,1,2,1,9,1
1019,0,1,1,1,2,1,9,1
1024,0,1,2,2,1,1,9,1
1031,0,1,1,1,2,1,9,1
1034,0,2,2,1,2,1,10,1
1036,0,1,1,1,2,1,9,1
1037,0,2,1,1,1,1,6,1
1039,0,1,1,1,2,1,9,1
1046,0,3,2,1,2,1,10,1
1049,0,3,1,1,2,1,9,1
1051,0,2,1,1,1,1,6,1
1055,0,2,1,1,2,1,9,1
1059,0,1,1,1,1,1,6,1
1061,0,3,1,1,1,1,6,1
1068,0,1,1,1,2,1,9,1
1071,0,2,1,1,1,1,6,1
1072,0,1,1,1,2,1,9,1
1074,0,3,1,1,1,1,6,1
1085,0,1,1,1,2,1,9,1
1086,0,2,1,1,1,1,6,1
1090,0,2,1,1,1,1,6,1
1106,0,1,1,1,1,1,6,1
1110,0,2,1,1,2,1,9,1
1115,0,2,2,2,1,1,9,1
1127,0,2,1,1,1,1,6,1
1132,0,1,1,1,2,1,9,1
1133,0,2,1,1,1,1,6,1
1137,0,1,2,2,1,1,9,1
1141,0,2,1,1,1,1,6,1
1153,0,3,2,1,1,1,7,1
1161,0,1,1,1,1,1,6,1
1166,0,1,1,1,1,1,6,1
1168,0,2,1,1,2,1,9,1
1171,0,2,4,2,1,1,11,1
1179,0,2,3,1,2,1,11,1
1181,0,1,2,1,2,1,10,1
1189,0,2,1,1,1,1,6,1
1191,0,3,1,1,1,1,6,1
1193,0,3,2,1,2,1,10,1
1201,0,2,1,1,2,1,9,1
1202,0,1,1,1,2,1,9,1
1210,0,2,1,1,1,1,6,1
1215,0,2,1,1,2,1,9,1
1231,0,1,1,1,1,1,6,1
1241,0,2,3,1,1,1,8,1
1244,0,2,2,1,2,1,10,1
1245,0,2,1,1,2,1,9,1
1247,0,1,1,1,1,1,6,1
1248,0,2,1,1,1,1,6,1
1260,0,3,1,1,2,1,9,1
1265,0,1,2,2,1,1,9,1
1272,0,2,1,1,1,1,6,1
1274,0,3,1,1,1,1,6,1
1276,0,2,2,1,1,1,7,1
1279,0,2,2,1,1,1,7,1
1280,0,2,1,1,2,1,9,1
1282,0,1,1,1,1,1,6,1
1297,0,2,1,1,2,1,9,1
1302,0,1,1,1,2,1,9,1
1303,0,2,1,1,2,1,9,1
1304,0,1,1,1,1,1,6,1
1312,0,3,1,1,2,1,9,1
1321,0,2,1,1,2,1,9,1
1351,0,2,1,1,1,1,6,1
1352,0,1,1,1,1,1,6,1
1353,0,2,3,1,2,1,11,1
1362,0,3,1,1,2,1,9,1
1363,0,3,1,1,1,1,6,1
1365,0,2,1,1,2,1,9,1
1374,0,1,1,1,1,1,6,1
1378,0,1,1,1,2,1,9,1
1382,0,1,1,1,2,1,9,1
1386,0,3,1,1,2,1,9,1
1389,0,1,1,1,1,1,6,1
1392,0,2,1,1,2,1,9,1
1399,0,2,2,1,1,1,7,1
1406,0,3,1,1,1,1,6,1
1407,0,3,1,1,1,1,6,1
1411,0,1,1,1,1,1,6,1
1422,0,1,2,2,1,1,9,1
1438,0,1,1,1,1,1,6,1
1441,0,3,1,1,2,1,9,1
1442,0,1,2,1,2,1,10,1
1443,0,2,1,1,1,1,6,1
1452,0,2,1,1,2,1,9,1
1453,0,2,1,1,2,1,9,1
1463,0,1,1,1,1,1,6,1
1464,0,2,1,1,2,1,9,1
1465,0,1,1,1,1,1,6,1
1466,0,2,1,1,2,1,9,1
1467,0,1,2,2,1,1,9,1
1470,0,1,1,1,1,1,6,1
1471,0,1,1,1,1,1,6,1
1475,0,2,1,1,1,1,6,1
1480,0,2,1,1,2,1,9,1
1490,0,2,2,1,1,1,7,1
1491,0,2,2,1,2,1,10,1
1492,0,2,2,1,1,1,7,1
1496,0,2,1,1,2,1,9,1
1497,0,2,1,1,2,1,9,1
1499,0,3,1,1,1,1,6,1
1505,0,1,1,2,2,1,11,1
1506,0,2,1,1,2,1,9,1
1508,0,3,1,1,2,1,9,1
1509,0,2,4,2,1,1,11,1
1513,0,3,1,1,1,1,6,1
1514,0,1,2,2,1,1,9,1
1523,0,3,1,1,1,1,6,1
1524,0,2,1,1,2,1,9,1
1533,0,2,2,1,1,1,7,1
1542,0,1,1,1,1,1,6,1
1547,0,3,1,1,1,1,6,1
1551,0,2,1,1,1,1,6,1
1555,0,2,1,1,2,1,9,1
1559,0,1,1,1,1,1,6,1
1561,0,2,1,1,1,1,6,1
1562,0,2,2,1,1,1,7,1
1568,0,2,1,1,2,1,9,1
1574,0,2,2,1,2,1,10,1
1576,0,2,2,1,2,1,10,1
1582,0,1,1,1,2,1,9,1
1583,0,1,1,1,1,1,6,1
1584,0,2,1,1,2,1,9,1
1586,0,2,1,1,1,1,6,1
1588,0,1,1,1,2,1,9,1
1591,0,2,2,1,2,1,10,1
1593,0,2,2,1,2,1,10,1
1597,0,1,1,1,2,1,9,1
1598,0,2,1,1,2,1,9,1
1602,0,3,1,1,1,1,6,1
1604,0,2,2,1,1,1,7,1
1605,0,2,1,1,2,1,9,1
1616,0,1,2,1,2,1,10,1
1621,0,1,1,1,1,1,6,1
1624,0,2,1,1,2,1,9,1
1641,0,2,1,1,2,1,9,1
1644,0,2,1,1,1,1,6,1
1648,0,1,1,1,1,1,6,1
1659,0,1,1,1,1,1,6,1
1660,0,1,1,2,2,1,11,1
1661,0,1,1,1,2,1,9,1
1662,0,2,1,1,2,1,9,1
1663,0,1,1,1,2,1,9,1
1666,0,1,1,1,1,1,6,1
1669,0,2,1,1,2,1,9,1
1671,0,3,1,1,2,1,9,1
1674,0,3,1,1,2,1,9,1
1675,0,3,1,1,2,1,9,1
1684,0,2,1,1,2,1,9,1
1691,0,3,1,1,2,1,9,1
1693,0,2,1,1,2,1,9,1
1695,0,3,1,1,2,1,9,1
1698,0,1,2,1,2,1,10,1
1700,0,1,1,1,2,1,9,1
1706,0,1,1,1,2,1,9,1
1713,0,1,2,1,2,1,10,1
1722,0,2,1,1,1,1,6,1
1730,0,2,1,1,1,1,6,1
1733,0,1,1,2,2,1,11,1
1735,0,2,1,1,1,1,6,1
1737,0,3,1,1,2,1,9,1
1759,0,1,1,1,2,1,9,1
1761,0,2,1,1,2,1,9,1
1763,0,2,2,1,1,1,7,1
1764,0,2,1,1,1,1,6,1
1768,0,3,2,1,1,1,7,1
1790,0,2,1,1,1,1,6,1
1801,0,3,1,1,2,1,9,1
1803,0,2,1,1,1,1,6,1
1813,0,1,1,1,1,1,6,1
1820,0,3,1,1,2,1,9,1
1821,0,1,1,1,1,1,6,1
1826,0,1,1,1,1,1,6,1
1829,0,2,1,1,2,1,9,1
1839,0,2,1,1,1,1,6,1
1845,0,1,1,1,1,1,6,1
1846,0,2,1,1,2,1,9,1
1858,0,2,1,1,2,1,9,1
1865,0,2,1,1,1,1,6,1
1868,0,1,1,1,1,1,6,1
1870,0,3,1,1,2,1,9,1
1871,0,2,1,1,2,1,9,1
1873,0,2,1,1,1,1,6,1
1875,0,1,2,2,1,1,9,1
1877,0,2,1,1,1,1,6,1
1878,0,2,1,1,2,1,9,1
1881,0,2,1,1,2,1,9,1
1882,0,2,1,1,1,1,6,1
1897,0,2,1,1,1,1,6,1
1911,0,3,1,1,1,1,6,1
1917,0,2,1,1,1,1,6,1
1919,0,2,1,1,1,1,6,1
1921,0,2,1,1,2,1,9,1
1926,0,1,1,1,2,1,9,1
1951,0,3,1,1,2,1,9,1
1957,0,2,2,1,2,1,10,1
1960,0,2,1,1,2,1,9,1
1966,0,3,1,1,2,1,9,1
1967,0,2,1,1,1,1,6,1
1971,0,1,1,1,2,1,9,1
1972,0,3,1,1,2,1,9,1
1983,0,3,2,1,2,1,10,1
1984,0,1,1,1,2,1,9,1
1985,0,2,1,1,2,1,9,1
1987,0,3,1,1,2,1,9,1
1998,0,1,2,1,1,1,7,1
2003,0,1,1,1,2,1,9,1
2006,0,1,1,1,2,1,9,1
2007,0,2,1,1,2,1,9,1
2026,0,1,1,1,1,1,6,1
2031,0,1,1,1,2,1,9,1
2040,0,1,1,1,1,1,6,1
2047,0,2,1,1,1,1,6,1
2048,0,3,1,1,2,1,9,1
2052,0,1,1,1,1,1,6,1
2055,0,2,1,1,1,1,6,1
2066,0,2,1,1,2,1,9,1
2069,0,3,1,1,2,1,9,1
2075,0,2,2,1,2,1,10,1
2077,0,2,1,1,2,1,9,1
2079,0,2,1,1,1,1,6,1
2085,0,1,1,1,2,1,9,1
2088,0,2,1,1,1,1,6,1
2093,0,3,1,1,1,1,6,1
2099,0,1,1,1,2,1,9,1
2101,0,1,1,1,2,1,9,1
2105,0,1,2,1,1,1,7,1
2106,0,1,1,1,1,1,6,1
2118,0,1,1,2,2,1,11,1
2123,0,1,1,1,1,1,6,1
2124,0,1,1,1,2,1,9,1
2128,0,2,2,1,1,1,7,1
2142,0,2,1,1,2,1,9,1
2145,0,2,1,1,2,1,9,1
2152,0,2,1,1,2,1,9,1
2154,0,2,1,1,2,1,9,1
2161,0,2,1,1,1,1,6,1
2167,0,3,1,1,2,1,9,1
2172,0,2,1,1,2,1,9,1
2177,0,2,1,1,1,1,6,1
2178,0,1,1,1,2,1,9,1
2184,0,2,2,1,2,1,10,1
2187,0,1,1,1,2,1,9,1
2195,0,2,1,1,2,1,9,1
2208,0,2,1,1,1,1,6,1
2211,0,3,1,1,1,1,6,1
2213,0,1,2,2,1,1,9,1
2214,0,3,1,1,1,1,6,1
2218,0,1,1,1,2,1,9,1
2224,0,2,1,1,1,1,6,1
2228,0,1,1,1,2,1,9,1
2229,0,2,1,1,2,1,9,1
2243,0,2,1,1,1,1,6,1
2255,0,2,1,1,2,1,9,1
2259,0,3,1,1,2,1,9,1
2260,0,3,1,1,2,1,9,1
2271,0,3,2,1,1,1,7,1
2276,0,3,1,1,1,1,6,1
2292,0,3,1,1,2,1,9,1
2297,0,1,2,2,1,1,9,1
2301,0,2,1,1,1,1,6,1
2306,0,2,1,1,2,1,9,1
2308,0,2,1,1,2,1,9,1
2309,0,2,1,1,2,1,9,1
2311,0,1,1,1,2,1,9,1
2316,0,2,1,1,1,1,6,1
2319,0,2,1,1,2,1,9,1
2320,0,2,1,1,2,1,9,1
2325,0,1,1,1,1,1,6,1
2329,0,2,2,1,1,1,7,1
2333,0,3,1,1,2,1,9,1
2334,0,2,1,1,2,1,9,1
2346,0,2,1,1,2,1,9,1
2352,0,2,1,1,2,1,9,1
2356,0,2,1,1,2,1,9,1
2360,0,2,1,1,2,1,9,1
2361,0,2,1,1,2,1,9,1
2363,0,2,2,1,1,1,7,1
2368,0,3,3,1,2,1,11,1
2373,0,1,1,1,1,1,6,1
2374,0,3,1,1,2,1,9,1
2378,0,2,1,1,2,1,9,1
2381,0,2,1,1,2,1,9,1
2385,0,3,1,1,2,1,9,1
2390,0,3,2,1,1,1,7,1
2392,0,2,1,2,2,1,11,1
2395,0,2,1,1,2,1,9,1
2396,0,1,2,1,1,1,7,1
2397,0,1,1,1,1,1,6,1
2406,0,2,1,1,1,1,6,1
2407,0,3,2,1,2,1,10,1
2417,0,3,1,1,2,1,9,1
2420,0,3,1,1,1,1,6,1
2422,0,3,2,1,2,1,10,1
2427,0,2,1,1,1,1,6,1
2429,0,2,2,1,2,1,10,1
2430,0,2,1,1,2,1,9,1
2433,0,1,1,1,2,1,9,1
2434,0,2,1,1,1,1,6,1
2438,0,2,1,1,2,1,9,1
2444,0,2,1,1,1,1,6,1
2449,0,2,1,1,2,1,9,1
2458,0,2,1,1,2,1,9,1
2460,0,2,1,1,2,1,9,1
2464,0,1,1,1,1,1,6,1
2465,0,2,1,1,1,1,6,1
2470,0,2,1,1,2,1,9,1
2472,0,2,1,1,1,1,6,1
2478,0,1,1,1,2,1,9,1
2483,0,2,1,1,2,1,9,1
2485,0,2,1,1,1,1,6,1
2486,0,2,1,1,1,1,6,1
2493,0,1,1,1,2,1,9,1
2500,0,2,1,1,2,1,9,1
2507,0,2,1,1,2,1,9,1
2514,0,1,2,1,2,1,10,1
2516,0,3,1,1,2,1,9,1
2518,0,1,2,1,2,1,10,1
2522,0,2,1,1,2,1,9,1
2523,0,3,1,1,2,1,9,1
2525,0,2,2,1,2,1,10,1
2528,0,1,1,1,2,1,9,1
2529,0,1,1,1,1,1,6,1
2533,0,3,2,1,2,1,10,1
2541,0,2,2,1,1,1,7,1
2546,0,2,1,1,2,1,9,1
2552,0,2,1,1,1,1,6,1
2553,0,1,1,1,2,1,9,1
2562,0,1,1,1,1,1,6,1
2566,0,3,1,1,2,1,9,1
2571,0,3,1,1,1,1,6,1
2587,0,2,1,1,1,1,6,1
2592,0,2,2,2,1,1,9,1
2594,0,3,1,1,2,1,9,1
2606,0,1,1,1,2,1,9,1
2609,0,1,1,1,2,1,9,1
2610,0,2,1,1,1,1,6,1
2613,0,1,2,1,2,1,10,1
2615,0,1,1,1,1,1,6,1
2619,0,1,1,1,1,1,6,1
2623,0,2,1,1,2,1,9,1
2628,0,2,1,1,1,1,6,1
2634,0,2,1,1,2,1,9,1
2635,0,2,1,1,2,1,9,1
2640,0,2,1,1,1,1,6,1
2641,0,3,1,1,1,1,6,1
2644,0,2,1,1,1,1,6,1
2645,0,2,1,1,2,1,9,1
2657,0,3,1,1,2,1,9,1
2676,0,2,2,1,1,1,7,1
2683,0,1,1,1,2,1,9,1
2687,0,3,1,1,2,1,9,1
2691,0,2,1,1,1,1,6,1
2692,0,2,1,1,2,1,9,1
2707,0,2,1,1,1,1,6,1
2712,0,2,2,1,2,1,10,1
2715,0,2,1,1,1,1,6,1
2718,0,1,2,1,2,1,10,1
2736,0,1,1,1,2,1,9,1
2740,0,2,1,1,2,1,9,1
2742,0,2,1,1,1,1,6,1
2743,0,3,1,1,1,1,6,1
2750,0,2,2,2,1,1,9,1
2772,0,2,1,1,2,1,9,1
2773,0,2,1,1,2,1,9,1
2775,0,2,1,1,2,1,9,1
2778,0,2,1,1,1,1,6,1
2783,0,1,1,2,2,1,11,1
2785,0,1,1,1,2,1,9,1
2790,0,1,1,1,2,1,9,1
2795,0,2,1,1,2,1,9,1
2804,0,1,1,1,2,1,9,1
2805,0,2,1,1,1,1,6,1
2811,0,1,2,2,1,1,9,1
2813,0,2,1,1,2,1,9,1
2815,0,3,1,1,2,1,9,1
2818,0,2,1,1,2,1,9,1
2822,0,3,1,1,1,1,6,1
2823,0,3,1,1,1,1,6,1
2824,0,3,1,1,1,1,6,1
2827,0,1,1,1,2,1,9,1
2828,0,2,1,1,1,1,6,1
2831,0,1,1,1,2,1,9,1
2833,0,2,1,1,2,1,9,1
2834,0,2,1,1,2,1,9,1
2838,0,3,1,1,1,1,6,1
2840,0,1,1,1,1,1,6,1
2852,0,1,2,1,1,1,7,1
2853,0,1,1,1,2,1,9,1
2854,0,3,1,1,2,1,9,1
2861,0,2,1,1,2,1,9,1
2862,0,2,1,1,2,1,9,1
2869,0,2,1,1,2,1,9,1
2878,0,1,1,1,2,1,9,1
2884,0,2,1,1,2,1,9,1
2886,0,2,1,1,1,1,6,1
2889,0,3,1,1,1,1,6,1
2890,0,1,1,1,2,1,9,1
2893,0,1,1,1,2,1,9,1
2896,0,2,1,1,2,1,9,1
2905,0,2,1,1,1,1,6,1
2907,0,2,1,1,1,1,6,1
2912,0,2,1,1,1,1,6,1
2916,0,2,1,1,2,1,9,1
2918,0,2,1,1,1,1,6,1
2919,0,1,1,1,2,1,9,1
2921,0,3,1,1,2,1,9,1
2923,0,1,2,1,1,1,7,1
2926,0,2,1,1,2,1,9,1
2928,0,3,1,1,2,1,9,1
2935,0,1,1,1,2,1,9,1
2938,0,1,1,1,2,1,9,1
2941,0,1,1,1,1,1,6,1
2946,0,2,1,1,1,1,6,1
2949,0,2,1,1,1,1,6,1
2955,0,1,1,1,2,1,9,1
2960,0,1,1,1,2,1,9,1
2962,0,1,2,2,1,1,9,1
2963,0,3,1,1,2,1,9,1
2964,0,2,2,1,1,1,7,1
2966,0,3,2,1,1,1,7,1
2976,0,2,1,1,2,1,9,1
2979,0,2,1,1,1,1,6,1
2981,0,2,1,1,2,1,9,1
2982,0,2,1,1,2,1,9,1
2987,0,1,1,1,2,1,9,1
3000,0,2,1,1,1,1,6,1
3001,0,2,1,1,2,1,9,1
3003,0,2,1,1,2,1,9,1
3011,0,2,2,1,1,1,7,1
3012,0,2,1,1,1,1,6,1
3025,0,1,1,1,1,1,6,1
3031,0,1,1,1,2,1,9,1
3032,0,3,1,1,2,1,9,1
3035,0,2,1,1,2,1,9,1
3040,0,2,1,1,2,1,9,1
3041,0,2,1,1,2,1,9,1
3054,0,1,1,1,2,1,9,1
3057,0,3,1,1,2,1,9,1
3060,0,2,1,1,1,1,6,1
3066,0,1,1,1,2,1,9,1
3073,0,2,1,1,1,1,6,1
3076,0,3,2,1,2,1,10,1
3077,0,2,1,1,2,1,9,1
3082,0,2,1,1,2,1,9,1
3084,0,2,1,1,1,1,6,1
3090,0,2,1,1,2,1,9,1
3097,0,2,1,1,1,1,6,1
3103,0,2,1,1,1,1,6,1
3109,0,2,1,1,1,1,6,1
3112,0,2,1,1,2,1,9,1
3121,0,2,1,1,1,1,6,1
3124,0,3,1,1,2,1,9,1
3126,0,2,1,1,1,1,6,1
3129,0,2,2,1,1,1,7,1
3130,0,3,1,1,1,1,6,1
3132,0,1,1,1,1,1,6,1
3133,0,2,1,1,2,1,9,1
3135,0,2,2,1,2,1,10,1
3141,0,1,1,1,2,1,9,1
3143,0,2,1,1,2,1,9,1
3145,0,1,2,1,1,1,7,1
3147,0,1,1,2,2,1,11,1
3161,0,1,1,1,2,1,9,1
3162,0,2,1,1,2,1,9,1
3163,0,1,1,1,2,1,9,1
3164,0,2,1,1,2,1,9,1
3167,0,2,1,2,2,1,11,1
3168,0,2,1,1,1,1,6,1
3169,0,2,1,1,2,1,9,1
3175,0,2,1,1,1,1,6,1
3178,0,2,1,1,2,1,9,1
3181,0,1,1,1,2,1,9,1
3187,0,1,1,1,1,1,6,1
3190,0,1,1,1,1,1,6,1
3200,0,2,1,1,1,1,6,1
3205,0,3,1,1,2,1,9,1
3207,0,2,1,1,2,1,9,1
3209,0,2,1,1,1,1,6,1
3213,0,1,1,1,2,1,9,1
3218,0,1,1,1,2,1,9,1
3223,0,1,2,1,2,1,10,1
3226,0,3,2,1,2,1,10,1
3242,0,2,2,2,1,1,9,1
3243,0,2,1,1,1,1,6,1
3246,0,2,1,1,2,1,9,1
3258,0,1,1,1,1,1,6,1
3260,0,2,1,1,2,1,9,1
3265,0,2,1,1,1,1,6,1
3269,0,1,1,1,2,1,9,1
3270,0,2,1,1,1,1,6,1
3276,0,1,1,1,2,1,9,1
3286,0,2,1,1,2,1,9,1
3299,0,1,2,1,2,1,10,1
3306,0,2,1,1,1,1,6,1
3311,0,2,1,1,2,1,9,1
3317,0,1,1,1,1,1,6,1
3325,0,3,1,1,2,1,9,1
3326,0,1,1,1,2,1,9,1
3330,0,3,1,1,1,1,6,1
3334,0,1,1,1,2,1,9,1
3339,0,2,1,1,2,1,9,1
3341,0,3,1,1,2,1,9,1
3344,0,2,1,1,2,1,9,1
3353,0,1,1,1,1,1,6,1
3363,0,2,1,1,2,1,9,1
3372,0,2,1,2,2,1,11,1
3373,0,1,1,1,2,1,9,1
3374,0,1,1,1,1,1,6,1
3376,0,1,2,2,1,1,9,1
3379,0,3,1,1,1,1,6,1
3383,0,2,1,1,2,1,9,1
3387,0,3,2,2,1,1,9,1
3400,0,3,2,1,2,1,10,1
3405,0,3,1,1,1,1,6,1
3407,0,2,1,1,1,1,6,1
3408,0,2,1,1,2,1,9,1
3412,0,1,1,1,2,1,9,1
3418,0,2,1,1,1,1,6,1
3419,0,2,3,2,1,1,10,1
3421,0,3,1,1,1,1,6,1
3442,0,2,1,1,2,1,9,1
3443,0,2,1,1,2,1,9,1
3464,0,2,1,1,2,1,9,1
3465,0,3,3,1,2,1,11,1
3473,0,1,1,1,1,1,6,1
3483,0,1,1,1,1,1,6,1
3493,0,2,2,1,1,1,7,1
3494,0,3,2,1,2,1,10,1
3498,0,3,1,1,1,1,6,1
3503,0,2,1,1,2,1,9,1
3509,0,1,1,1,1,1,6,1
3511,0,1,1,1,2,1,9,1
3514,0,2,1,1,1,1,6,1
3521,0,2,1,1,2,1,9,1
3528,0,2,1,1,1,1,6,1
3530,0,3,1,1,1,1,6,1
3531,0,1,2,1,2,1,10,1
3534,0,1,1,1,1,1,6,1
3560,0,1,1,1,2,1,9,1
3562,0,2,1,1,1,1,6,1
3564,0,3,1,1,2,1,9,1
3565,0,3,1,1,1,1,6,1
3567,0,2,1,1,2,1,9,1
3569,0,1,1,1,1,1,6,1
3574,0,1,1,1,1,1,6,1
3579,0,3,1,1,1,1,6,1
3580,0,2,1,1,1,1,6,1
3586,0,2,4,1,1,1,9,1
3599,0,1,1,1,2,1,9,1
3601,0,2,1,1,1,1,6,1
3610,0,2,1,1,1,1,6,1
3612,0,1,1,1,2,1,9,1
3613,0,2,1,1,1,1,6,1
3615,0,3,1,1,1,1,6,1
3619,0,3,1,1,2,1,9,1
3620,0,2,1,1,2,1,9,1
3623,0,3,2,2,1,1,9,1
3624,0,2,1,1,1,1,6,1
3630,0,2,1,1,2,1,9,1
3631,0,2,2,1,2,1,10,1
3642,0,2,1,1,1,1,6,1
3643,0,1,1,1,2,1,9,1
3650,0,1,1,1,2,1,9,1
3651,0,3,1,1,1,1,6,1
3655,0,1,1,1,2,1,9,1
3658,0,2,2,1,2,1,10,1
3662,0,1,2,1,1,1,7,1
3666,0,2,1,1,1,1,6,1
3674,0,1,1,1,2,1,9,1
3675,0,2,1,1,1,1,6,1
3679,0,3,2,1,2,1,10,1
3681,0,1,1,1,1,1,6,1
3683,0,2,1,1,2,1,9,1
3684,0,3,3,2,1,1,10,1
3691,0,2,1,1,1,1,6,1
3694,0,1,1,1,1,1,6,1
3695,0,1,1,1,2,1,9,1
3697,0,2,3,1,1,1,8,1
3701,0,1,1,1,2,1,9,1
3703,0,2,3,1,1,1,8,1
3704,0,1,1,2,2,1,11,1
3707,0,3,1,1,2,1,9,1
3708,0,2,1,1,1,1,6,1
3720,0,3,2,1,2,1,10,1
3722,0,1,1,1,1,1,6,1
3724,0,1,2,1,2,1,10,1
3730,0,1,1,1,2,1,9,1
3733,0,1,1,1,2,1,9,1
3736,0,1,1,1,1,1,6,1
3745,0,2,1,1,1,1,6,1
3757,0,3,1,1,2,1,9,1
3764,0,2,1,1,2,1,9,1
3765,0,2,1,1,1,1,6,1
3766,0,2,1,1,2,1,9,1
3767,0,2,2,1,2,1,10,1
3771,0,1,1,1,1,1,6,1
3773,0,1,2,3,1,1,11,1
3784,0,2,1,1,2,1,9,1
3790,0,1,1,1,2,1,9,1
3792,0,3,2,1,2,1,10,1
3801,0,2,1,1,1,1,6,1
3804,0,2,1,2,2,1,11,1
3805,0,3,1,1,2,1,9,1
3808,0,1,2,1,2,1,10,1
3813,0,2,1,1,1,1,6,1
3817,0,2,1,1,1,1,6,1
3819,0,1,1,1,1,1,6,1
3822,0,1,1,1,2,1,9,1
3823,0,1,2,1,2,1,10,1
3824,0,1,1,1,1,1,6,1
3827,0,2,1,1,1,1,6,1
3828,0,2,3,1,1,1,8,1
3829,0,1,2,1,2,1,10,1
3833,0,2,1,1,1,1,6,1
3834,0,3,1,1,1,1,6,1
3835,1,3,2,1,1,1,7,1
3851,0,2,2,1,1,1,7,1
3859,0,1,1,1,1,1,6,1
3867,0,2,1,1,2,1,9,1
3868,0,2,1,1,2,1,9,1
3870,0,2,1,1,2,1,9,1
3871,0,2,1,1,1,1,6,1
3876,0,2,1,1,1,1,6,1
3877,0,2,1,1,2,1,9,1
3879,0,2,1,1,1,1,6,1
3889,0,1,1,1,2,1,9,1
3894,0,2,2,1,2,1,10,1
3901,0,3,1,1,1,1,6,1
3907,0,1,1,1,1,1,6,1
3913,0,1,1,1,1,1,6,1
3934,0,2,2,1,2,1,10,1
3940,0,2,2,2,1,1,9,1
3944,0,1,2,2,1,1,9,1
3950,0,2,2,1,2,1,10,1
3953,0,2,1,1,1,1,6,1
3955,0,1,1,1,2,1,9,1
3958,0,1,1,2,2,1,11,1
3961,0,1,1,1,2,1,9,1
3964,0,3,1,1,1,1,6,1
3965,0,1,1,2,2,1,11,1
3972,0,2,1,1,1,1,6,1
3974,0,1,1,1,2,1,9,1
3976,0,2,3,1,2,1,11,1
4003,0,2,1,1,1,1,6,1
4005,0,2,2,1,2,1,10,1
4009,0,2,1,1,1,1,6,1
4013,0,2,1,1,2,1,9,1
4017,0,3,1,1,2,1,9,1
4018,0,2,2,1,2,1,10,1
4029,0,3,1,1,2,1,9,1
4030,0,1,1,1,1,1,6,1
4032,0,1,1,1,1,1,6,1
4040,0,1,1,1,1,1,6,1
4042,0,3,1,1,2,1,9,1
4050,0,3,2,1,2,1,10,1
4051,0,2,2,1,1,1,7,1
4052,0,2,1,1,2,1,9,1
4053,0,3,4,1,1,1,9,1
4054,0,2,1,1,2,1,9,1
4057,0,3,1,1,1,1,6,1
4065,0,2,2,1,1,1,7,1
4069,0,2,1,1,2,1,9,1
4073,0,2,1,1,2,1,9,1
4077,0,1,1,1,1,1,6,1
4080,0,1,1,1,1,1,6,1
4085,0,1,1,1,2,1,9,1
4087,0,3,1,1,2,1,9,1
4090,0,2,1,1,1,1,6,1
4092,0,1,1,1,2,1,9,1
4093,0,2,3,2,1,1,10,1
4095,0,2,2,1,2,1,10,1
4097,0,2,1,1,1,1,6,1
4104,0,2,1,1,2,1,9,1
4105,0,3,1,1,1,1,6,1
4107,0,3,1,1,1,1,6,1
4109,0,2,1,1,2,1,9,1
4110,0,1,1,1,1,1,6,1
4122,0,2,1,1,1,1,6,1
4123,0,2,1,1,2,1,9,1
4137,0,2,1,1,2,1,9,1
4148,0,2,2,1,2,1,10,1
4149,0,2,1,1,2,1,9,1
4158,0,1,1,2,2,1,11,1
4161,0,2,1,1,2,1,9,1
4164,0,2,1,1,2,1,9,1
4170,0,2,1,1,2,1,9,1
4171,0,2,1,1,2,1,9,1
4177,0,1,1,1,1,1,6,1
4180,0,2,1,1,1,1,6,1
4182,0,2,1,1,1,1,6,1
4187,0,2,2,1,2,1,10,1
4196,0,2,1,1,2,1,9,1
4202,0,2,1,1,2,1,9,1
4204,0,1,3,2,1,1,10,1
4207,0,2,1,1,2,1,9,1
4220,0,2,1,1,2,1,9,1
4222,0,1,1,1,2,1,9,1
4223,0,1,1,2,2,1,11,1
4226,0,1,1,1,1,1,6,1
4231,0,2,1,1,2,1,9,1
4242,0,2,2,1,2,1,10,1
4244,0,1,1,1,2,1,9,1
4260,0,2,1,1,2,1,9,1
4264,0,1,1,1,2,1,9,1
4267,0,2,1,1,2,1,9,1
4268,0,3,1,1,1,1,6,1
4274,0,1,1,2,1,1,8,1
4276,0,3,1,1,1,1,6,1
4283,0,2,2,1,2,1,10,1
4286,0,1,1,1,1,1,6,1
4295,0,2,1,1,2,1,9,1
4297,0,1,1,1,1,1,6,1
4300,0,2,1,1,2,1,9,1
4304,0,1,1,1,1,1,6,1
4306,0,3,2,1,2,1,10,1
4310,0,1,1,1,1,1,6,1
4329,0,2,1,1,2,1,9,1
4339,0,3,1,1,2,1,9,1
4346,0,1,1,1,1,1,6,1
4347,0,1,1,2,2,1,11,1
4351,0,3,2,1,1,1,7,1
4354,0,2,1,1,2,1,9,1
4357,0,2,1,1,2,1,9,1
4360,0,2,1,1,1,1,6,1
4362,0,1,1,1,2,1,9,1
4367,0,1,1,1,2,1,9,1
4372,0,1,1,1,2,1,9,1
4373,0,2,2,3,1,1,11,1
4380,0,3,1,1,2,1,9,1
4388,0,2,2,1,2,1,10,1
4389,0,2,1,1,2,1,9,1
4390,1,3,1,1,2,1,9,1
4397,0,2,1,1,2,1,9,1
4400,0,2,1,1,1,1,6,1
4402,0,2,1,1,1,1,6,1
4409,0,2,1,1,2,1,9,1
4410,0,2,1,1,2,1,9,1
4416,0,2,1,1,2,1,9,1
4419,0,2,1,1,1,1,6,1
4433,0,2,1,1,1,1,6,1
4437,0,2,1,1,1,1,6,1
4439,0,3,2,2,1,1,9,1
4442,0,1,1,1,2,1,9,1
4444,0,1,1,1,1,1,6,1
4445,0,1,1,1,1,1,6,1
4447,0,1,1,1,2,1,9,1
4449,0,2,1,1,1,1,6,1
4454,0,2,1,1,1,1,6,1
4458,0,1,1,1,1,1,6,1
4461,0,2,3,2,1,1,10,1
4463,0,3,2,1,2,1,10,1
4472,0,1,1,1,2,1,9,1
4491,0,3,1,1,1,1,6,1
4496,0,2,2,2,1,1,9,1
4503,0,1,1,1,1,1,6,1
4505,0,2,1,1,2,1,9,1
4509,0,1,1,1,1,1,6,1
4512,0,2,1,1,2,1,9,1
4514,0,2,1,1,2,1,9,1
4523,0,1,2,1,2,1,10,1
4525,0,1,1,1,1,1,6,1
4534,0,1,1,1,2,1,9,1
4537,0,2,4,2,1,1,11,1
4544,0,2,1,1,1,1,6,1
4547,0,2,1,1,1,1,6,1
4562,0,2,1,1,1,1,6,1
4573,0,3,1,1,1,1,6,1
4576,0,2,2,2,1,1,9,1
4577,0,3,1,1,2,1,9,1
4580,0,1,2,2,1,1,9,1
4586,0,2,1,1,1,1,6,1
4594,0,1,1,1,2,1,9,1
4599,0,2,1,1,1,1,6,1
4601,0,2,1,1,1,1,6,1
4603,0,2,1,1,2,1,9,1
4605,0,2,1,1,1,1,6,1
4610,0,1,1,1,1,1,6,1
4613,0,1,1,1,1,1,6,1
4616,0,1,1,1,2,1,9,1
4618,0,2,1,1,2,1,9,1
4620,0,1,1,1,2,1,9,1
4624,0,2,1,1,1,1,6,1
4630,0,2,1,1,2,1,9,1
4631,0,1,1,1,1,1,6,1
4633,0,2,1,1,2,1,9,1
4636,0,3,1,1,2,1,9,1
4637,0,2,1,1,2,1,9,1
4643,0,2,3,1,1,1,8,1
4647,0,3,1,1,1,1,6,1
4655,0,2,1,1,1,1,6,1
4666,0,3,1,1,1,1,6,1
4668,0,2,1,1,2,1,9,1
4671,0,2,1,1,1,1,6,1
4674,0,2,2,1,1,1,7,1
4677,0,2,1,1,2,1,9,1
4679,0,2,3,1,2,1,11,1
4708,0,1,1,1,2,1,9,1
4709,0,2,1,1,1,1,6,1
4712,0,2,1,1,2,1,9,1
4716,0,1,2,1,2,1,10,1
4728,0,3,1,1,1,1,6,1
4737,0,2,1,1,1,1,6,1
4742,0,3,1,1,1,1,6,1
4744,0,2,1,1,2,1,9,1
4745,0,2,2,1,1,1,7,1
4752,0,3,1,1,1,1,6,1
4754,0,3,2,1,1,1,7,1
4755,0,2,1,1,1,1,6,1
4757,0,1,1,1,2,1,9,1
4758,0,3,1,1,2,1,9,1
4761,0,2,1,1,2,1,9,1
4762,0,2,4,1,1,1,9,1
4765,0,1,2,2,1,1,9,1
4768,0,1,2,1,1,1,7,1
4769,0,2,1,1,1,1,6,1
4770,0,2,1,1,1,1,6,1
4771,0,2,1,1,2,1,9,1
4776,0,2,1,1,2,1,9,1
4778,0,2,1,1,2,1,9,1
4779,0,1,2,1,1,1,7,1
4780,0,2,3,1,2,1,11,1
4785,0,2,1,1,2,1,9,1
4786,0,2,1,1,2,1,9,1
4790,0,1,1,2,2,1,11,1
4792,0,3,1,1,2,1,9,1
4794,0,2,1,1,2,1,9,1
4802,0,1,1,1,2,1,9,1
4803,0,2,1,1,1,1,6,1
4805,0,2,1,1,1,1,6,1
4808,0,2,1,1,2,1,9,1
4810,0,3,1,1,1,1,6,1
4811,0,1,1,1,1,1,6,1
4814,0,2,1,1,1,1,6,1
4819,0,2,1,2,2,1,11,1
4821,0,3,1,1,2,1,9,1
4823,0,2,3,1,1,1,8,1
4824,0,1,1,1,1,1,6,1
4825,0,2,2,1,2,1,10,1
4827,0,3,1,1,1,1,6,1
4830,0,3,1,1,2,1,9,1
4835,0,2,1,1,2,1,9,1
4847,0,2,1,1,1,1,6,1
4848,0,1,2,1,2,1,10,1
4850,0,3,1,1,2,1,9,1
4856,0,1,1,1,1,1,6,1
4862,0,2,1,1,1,1,6,1
4863,0,2,1,1,1,1,6,1
4864,0,2,1,1,1,1,6,1
4867,0,2,1,1,2,1,9,1
4869,0,1,1,1,1,1,6,1
4872,0,2,1,1,1,1,6,1
4873,0,2,1,1,1,1,6,1
4874,0,1,1,1,2,1,9,1
4875,0,2,2,1,2,1,10,1
4878,0,2,2,1,2,1,10,1
4879,0,2,1,1,2,1,9,1
4885,0,2,1,1,2,1,9,1
4889,0,2,1,2,2,1,11,1
4905,0,2,1,1,1,1,6,1
4906,0,2,1,1,2,1,9,1
4909,0,3,1,1,1,1,6,1
4917,0,2,2,1,2,1,10,1
4921,0,1,1,1,2,1,9,1
4923,0,2,1,1,1,1,6,1
4925,0,2,2,1,2,1,10,1
4928,0,1,1,1,2,1,9,1
4929,0,2,2,1,1,1,7,1
4938,0,2,1,1,2,1,9,1
4939,0,2,1,1,2,1,9,1
4943,0,2,1,1,1,1,6,1
4955,0,2,1,1,1,1,6,1
4982,0,2,1,1,1,1,6,1
4983,0,2,2,2,1,1,9,1
4986,0,1,1,1,2,1,9,1
4989,0,3,1,1,1,1,6,1
4997,0,2,1,1,1,1,6,1
4998,0,1,1,1,2,1,9,1
5006,0,1,2,1,1,1,7,1
5009,0,2,1,1,2,1,9,1
5014,0,1,1,2,2,1,11,1
5015,0,1,2,2,1,1,9,1
5025,0,3,1,1,2,1,9,1
5030,0,2,1,1,1,1,6,1
5031,0,1,1,1,1,1,6,1
5034,0,2,1,1,1,1,6,1
5035,0,1,2,1,2,1,10,1
5038,0,2,2,2,1,1,9,1
5039,0,2,1,1,2,1,9,1
5044,0,2,2,1,1,1,7,1
5050,0,2,1,1,2,1,9,1
5054,0,3,1,1,1,1,6,1
5057,0,2,1,1,1,1,6,1
5063,0,2,1,1,1,1,6,1
5069,0,2,2,1,1,1,7,1
5071,0,2,2,1,2,1,10,1
5073,0,2,1,1,2,1,9,1
5074,0,1,1,1,2,1,9,1
5076,0,2,3,1,1,1,8,1
5087,0,1,1,1,1,1,6,1
5098,0,1,1,2,2,1,11,1
5102,0,3,1,1,2,1,9,1
5107,0,1,1,1,1,1,6,1
5113,0,2,1,1,1,1,6,1
5115,0,2,1,1,1,1,6,1
5119,0,2,2,1,1,1,7,1
5131,0,2,1,1,2,1,9,1
5133,0,2,1,1,1,1,6,1
5134,0,3,1,1,2,1,9,1
5140,0,2,2,1,1,1,7,1
5143,0,1,1,1,1,1,6,1
5144,0,1,1,1,2,1,9,1
5145,0,2,1,1,2,1,9,1
5161,0,2,2,1,1,1,7,1
5162,0,2,2,1,2,1,10,1
5164,0,2,1,1,2,1,9,1
5167,0,1,1,1,2,1,9,1
5168,0,1,1,1,2,1,9,1
5178,0,3,1,1,2,1,9,1
5182,0,2,1,1,2,1,9,1
5186,0,2,1,1,2,1,9,1
5187,0,2,3,2,1,1,10,1
5194,0,2,1,1,2,1,9,1
5195,0,2,1,1,2,1,9,1
5199,0,2,1,1,1,1,6,1
5202,1,1,2,1,2,1,10,1
5206,0,2,1,1,2,1,9,1
5209,0,2,1,1,1,1,6,1
5211,0,1,1,1,1,1,6,1
5220,0,2,1,1,2,1,9,1
5222,0,1,1,1,1,1,6,1
5228,0,2,1,1,2,1,9,1
5234,0,2,2,1,1,1,7,1
5235,0,2,2,1,2,1,10,1
5238,0,2,1,1,2,1,9,1
5247,0,2,1,1,1,1,6,1
5248,0,3,1,1,1,1,6,1
5252,0,2,1,1,1,1,6,1
5253,0,3,1,1,2,1,9,1
5254,0,2,2,1,2,1,10,1
5256,0,1,1,2,2,1,11,1
5260,0,2,1,1,2,1,9,1
5262,0,2,1,1,1,1,6,1
5266,0,1,1,1,2,1,9,1
5269,0,1,1,1,2,1,9,1
5273,0,1,1,1,2,1,9,1
5281,0,3,1,1,2,1,9,1
5288,0,1,1,1,2,1,9,1
5303,0,2,1,1,1,1,6,1
5304,0,1,1,1,1,1,6,1
5305,0,1,1,1,1,1,6,1
5308,0,2,1,1,1,1,6,1
5314,0,2,1,2,2,1,11,1
5319,0,2,1,1,2,1,9,1
5321,0,1,1,1,1,1,6,1
5326,0,2,1,1,2,1,9,1
5327,0,1,1,1,1,1,6,1
5330,0,1,1,1,1,1,6,1
5332,0,2,3,1,1,1,8,1
5333,0,3,1,1,2,1,9,1
5344,0,3,1,1,2,1,9,1
5345,0,3,1,1,2,1,9,1
5346,0,1,1,1,2,1,9,1
5349,0,2,2,1,2,1,10,1
5359,0,2,1,1,2,1,9,1
5362,0,1,1,1,1,1,6,1
5364,0,2,1,1,1,1,6,1
5366,0,3,1,1,1,1,6,1
5368,0,1,1,1,2,1,9,1
5373,0,1,1,2,2,1,11,1
5378,0,2,1,1,1,1,6,1
5380,0,2,1,1,2,1,9,1
5387,0,2,1,1,2,1,9,1
5388,0,2,1,1,1,1,6,1
5413,0,2,1,1,1,1,6,1
5414,0,2,1,1,2,1,9,1
5415,0,1,2,1,2,1,10,1
5420,0,2,1,1,2,1,9,1
5457,0,2,1,1,2,1,9,1
5459,0,2,1,1,2,1,9,1
5465,0,2,1,1,2,1,9,1
5467,0,2,1,1,1,1,6,1
5470,0,3,1,1,2,1,9,1
5475,0,2,1,1,1,1,6,1
5477,0,1,2,2,1,1,9,1
5480,0,2,1,1,2,1,9,1
5483,0,2,1,1,2,1,9,1
5486,0,2,1,1,2,1,9,1
5487,0,2,2,1,1,1,7,1
5499,0,1,1,1,2,1,9,1
5502,0,2,2,2,1,1,9,1
5505,0,3,1,1,1,1,6,1
5506,0,3,1,1,1,1,6,1
5510,0,2,1,1,2,1,9,1
5513,0,3,1,1,1,1,6,1
5524,0,3,1,1,1,1,6,1
5527,0,1,1,1,2,1,9,1
5532,0,2,1,1,2,1,9,1
5540,0,2,1,1,1,1,6,1
5541,0,1,1,1,1,1,6,1
5548,0,1,1,1,1,1,6,1
5552,0,1,1,1,1,1,6,1
5554,0,2,1,1,2,1,9,1
5567,0,1,2,2,1,1,9,1
5569,0,3,1,1,1,1,6,1
5571,0,1,1,1,2,1,9,1
5575,0,2,1,1,1,1,6,1
5577,0,1,1,1,1,1,6,1
5579,0,2,1,1,1,1,6,1
5585,0,2,1,1,2,1,9,1
5586,0,2,1,1,2,1,9,1
5588,0,1,1,1,2,1,9,1
5592,0,2,1,1,2,1,9,1
5594,0,1,1,1,2,1,9,1
5598,0,3,1,1,2,1,9,1
5600,0,1,1,2,2,1,11,1
5601,0,2,1,1,2,1,9,1
5608,0,3,1,1,1,1,6,1
5611,0,2,1,1,1,1,6,1
5615,0,1,1,1,1,1,6,1
5619,0,1,1,1,2,1,9,1
5620,0,2,1,1,1,1,6,1
5633,0,2,1,1,2,1,9,1
5639,0,2,1,1,2,1,9,1
5642,0,2,1,1,2,1,9,1
5651,0,1,3,2,1,1,10,1
5652,0,3,1,1,2,1,9,1
5654,0,2,1,1,1,1,6,1
5657,0,2,1,1,1,1,6,1
5666,0,3,2,1,2,1,10,1
5669,0,3,1,1,2,1,9,1
5670,0,2,1,1,2,1,9,1
5673,0,1,1,2,2,1,11,1
5674,0,2,1,1,2,1,9,1
5676,0,2,1,1,2,1,9,1
5685,0,1,1,1,2,1,9,1
5688,0,1,1,1,1,1,6,1
5689,0,2,1,1,2,1,9,1
5690,0,2,1,1,1,1,6,1
5694,0,1,1,1,1,1,6,1
5701,0,1,1,1,1,1,6,1
5703,0,2,2,1,2,1,10,1
5720,0,2,1,1,2,1,9,1
5729,0,1,2,1,1,1,7,1
5731,0,2,1,1,2,1,9,1
5732,0,1,1,1,2,1,9,1
5739,0,2,1,1,1,1,6,1
5740,0,2,1,1,2,1,9,1
5743,0,1,2,1,2,1,10,1
5744,0,2,2,1,2,1,10,1
5745,0,3,1,1,2,1,9,1
5746,0,1,4,1,1,1,9,1
5749,0,2,2,1,2,1,10,1
5753,0,1,1,1,2,1,9,1
5757,0,2,1,1,1,1,6,1
5777,0,2,1,1,2,1,9,1
5779,0,1,1,1,1,1,6,1
5780,0,2,1,1,2,1,9,1
5784,0,3,1,1,2,1,9,1
5787,0,2,2,1,2,1,10,1
5788,0,1,2,2,1,1,9,1
5789,0,2,1,1,1,1,6,1
5791,0,3,1,1,2,1,9,1
5792,0,2,1,1,1,1,6,1
5795,0,2,1,1,1,1,6,1
5797,0,1,3,1,2,1,11,1
5798,0,2,1,1,2,1,9,1
5799,0,2,1,1,1,1,6,1
5800,0,2,1,1,2,1,9,1
5801,0,2,1,1,2,1,9,1
5802,0,1,1,1,1,1,6,1
5807,0,1,1,1,1,1,6,1
5809,0,2,1,1,1,1,6,1
5813,0,2,2,1,1,1,7,1
5814,0,1,1,1,1,1,6,1
5815,0,3,1,1,2,1,9,1
5824,0,2,2,1,2,1,10,1
5839,0,2,1,1,2,1,9,1
5840,0,1,2,2,1,1,9,1
5845,0,2,1,1,2,1,9,1
5846,0,3,1,1,1,1,6,1
5847,0,2,1,1,1,1,6,1
5849,0,1,1,1,2,1,9,1
5850,0,2,1,2,2,1,11,1
5855,0,2,1,1,2,1,9,1
5860,0,2,1,1,2,1,9,1
5863,0,2,1,1,1,1,6,1
5868,0,1,1,1,2,1,9,1
5871,0,1,1,1,2,1,9,1
5872,0,2,1,1,2,1,9,1
5875,0,1,1,2,2,1,11,1
5885,0,2,1,1,2,1,9,1
5893,0,1,1,2,2,1,11,1
5897,0,2,1,1,2,1,9,1
5904,0,2,1,1,1,1,6,1
5911,0,1,1,1,1,1,6,1
5916,0,2,1,1,1,1,6,1
5922,0,2,1,1,2,1,9,1
5924,0,2,1,1,2,1,9,1
5932,0,3,1,1,2,1,9,1
5934,0,2,1,1,2,1,9,1
5941,0,1,1,1,1,1,6,1
5943,0,2,1,1,2,1,9,1
5945,0,3,1,1,2,1,9,1
5954,0,2,1,1,2,1,9,1
5955,0,3,1,1,1,1,6,1
5962,0,1,1,1,2,1,9,1
5966,0,3,1,1,1,1,6,1
5968,0,2,1,1,2,1,9,1
5969,0,2,1,1,2,1,9,1
5973,0,3,1,1,2,1,9,1
5975,0,2,1,1,1,1,6,1
5977,0,2,2,1,1,1,7,1
5985,0,2,1,1,2,1,9,1
5986,0,1,1,1,2,1,9,1
5987,0,2,2,1,1,1,7,1
5990,0,2,1,1,1,1,6,1
5991,0,3,1,1,1,1,6,1
5993,0,2,1,1,1,1,6,1
5995,0,1,1,1,1,1,6,1
5998,0,2,1,1,1,1,6,1
6005,0,1,1,1,1,1,6,1
6009,0,2,1,1,2,1,9,1
6017,0,1,1,1,1,1,6,1
6021,0,2,1,1,1,1,6,1
6026,0,1,1,2,1,1,8,1
6029,0,1,2,1,2,1,10,1
6030,0,2,2,1,1,1,7,1
6033,0,2,1,1,2,1,9,1
6034,0,2,1,2,2,1,11,1
6035,0,2,1,1,2,1,9,1
6037,0,2,1,1,1,1,6,1
6038,0,2,1,1,2,1,9,1
6042,0,2,1,1,2,1,9,1
6044,0,1,4,1,1,1,9,1
6045,0,2,1,1,2,1,9,1
6046,0,2,1,2,2,1,11,1
6053,0,2,1,1,2,1,9,1
6060,0,2,1,1,1,1,6,1
6066,0,2,1,1,2,1,9,1
6067,0,2,1,1,2,1,9,1
6068,0,2,1,1,1,1,6,1
6070,0,1,1,1,1,1,6,1
6079,0,2,1,1,1,1,6,1
6084,0,1,1,1,2,1,9,1
6089,0,1,1,1,2,1,9,1
6094,0,2,2,1,1,1,7,1
6099,0,2,2,1,1,1,7,1
6101,0,1,1,1,1,1,6,1
6104,0,1,1,1,2,1,9,1
6106,0,2,1,1,2,1,9,1
6115,0,1,1,1,2,1,9,1
6116,0,3,1,1,2,1,9,1
6117,0,1,1,1,1,1,6,1
6121,0,1,1,1,2,1,9,1
6123,0,1,1,1,2,1,9,1
6125,0,2,1,1,2,1,9,1
6136,0,1,1,1,2,1,9,1
6137,0,2,1,2,2,1,11,1
6150,0,2,1,1,1,1,6,1
6157,0,2,2,1,2,1,10,1
6162,0,3,1,1,1,1,6,1
6176,0,2,1,1,1,1,6,1
6177,0,1,1,1,1,1,6,1
6181,0,2,1,1,1,1,6,1
6183,0,1,3,1,2,1,11,1
6190,0,2,1,1,2,1,9,1
6191,0,1,2,2,1,1,9,1
6204,0,1,2,1,2,1,10,1
6211,0,2,1,1,2,1,9,1
6222,0,2,2,1,2,1,10,1
6223,0,1,1,1,1,1,6,1
6228,0,1,1,1,1,1,6,1
6229,0,2,2,1,1,1,7,1
6230,0,3,1,1,2,1,9,1
6235,0,2,1,1,2,1,9,1
6236,0,3,1,1,2,1,9,1
6240,0,1,1,1,2,1,9,1
6244,0,3,1,1,2,1,9,1
6245,0,2,1,1,1,1,6,1
6246,0,1,1,1,2,1,9,1
6256,0,3,1,1,1,1,6,1
6263,0,2,2,1,1,1,7,1
6272,0,1,1,1,2,1,9,1
6277,0,2,1,1,1,1,6,1
6281,0,2,1,1,2,1,9,1
6282,0,2,1,1,2,1,9,1
6293,0,3,1,1,1,1,6,1
6295,0,2,1,1,1,1,6,1
6296,0,2,1,1,1,1,6,1
6297,0,2,2,1,1,1,7,1
6298,0,1,1,1,2,1,9,1
6307,0,2,1,1,2,1,9,1
6319,0,3,1,1,2,1,9,1
6320,0,2,1,1,2,1,9,1
6326,0,3,1,1,2,1,9,1
6334,0,2,1,1,2,1,9,1
6337,0,2,1,1,2,1,9,1
6340,0,3,2,1,2,1,10,1
6342,0,1,1,1,1,1,6,1
6344,0,1,1,1,2,1,9,1
6345,0,2,1,1,1,1,6,1
6356,0,1,1,1,2,1,9,1
6361,0,2,1,1,2,1,9,1
6366,0,2,2,1,1,1,7,1
6368,0,1,1,2,1,1,8,1
6371,0,2,1,1,2,1,9,1
6372,0,1,3,1,1,1,8,1
6373,0,2,1,2,2,1,11,1
6374,0,1,1,1,2,1,9,1
6388,0,2,2,2,1,1,9,1
6394,0,2,4,1,1,1,9,1
6398,0,2,1,1,2,1,9,1
6400,0,1,1,1,1,1,6,1
6405,0,2,1,1,2,1,9,1
6409,0,3,1,1,2,1,9,1
6413,0,2,1,1,1,1,6,1
6418,0,3,1,1,2,1,9,1
6423,0,3,1,1,1,1,6,1
6427,0,3,1,1,1,1,6,1
6430,0,1,3,2,1,1,10,1
6432,0,3,1,1,1,1,6,1
6433,0,2,1,1,2,1,9,1
6443,0,1,1,1,2,1,9,1
6447,0,3,1,1,2,1,9,1
6449,0,2,3,1,2,1,11,1
6451,0,2,1,1,2,1,9,1
6459,0,2,1,1,2,1,9,1
6466,0,3,2,1,2,1,10,1
6472,0,3,1,1,2,1,9,1
6486,0,1,1,1,2,1,9,1
6487,0,1,1,1,1,1,6,1
6496,0,3,1,1,1,1,6,1
6502,0,2,1,1,2,1,9,1
6507,0,2,1,1,1,1,6,1
6511,0,1,1,1,1,1,6,1
6517,0,2,1,1,1,1,6,1
6531,0,2,1,1,1,1,6,1
6534,0,2,1,1,1,1,6,1
6541,0,2,1,1,1,1,6,1
6543,0,1,1,1,2,1,9,1
6544,0,2,1,1,2,1,9,1
6554,0,2,1,1,2,1,9,1
6555,0,2,1,1,2,1,9,1
6565,0,2,1,1,2,1,9,1
6574,0,3,1,1,2,1,9,1
6582,0,1,1,1,1,1,6,1
6583,0,3,1,1,2,1,9,1
6586,0,1,2,1,1,1,7,1
6594,0,2,1,1,1,1,6,1
6598,0,1,1,1,1,1,6,1
6607,0,3,1,1,2,1,9,1
6608,0,3,3,1,2,1,11,1
6617,0,3,1,1,1,1,6,1
6627,0,2,1,1,1,1,6,1
6629,0,2,1,1,2,1,9,1
6630,0,1,1,1,2,1,9,1
6632,0,3,2,1,2,1,10,1
6633,0,1,2,2,1,1,9,1
6647,0,1,1,1,1,1,6,1
6650,0,1,1,1,2,1,9,1
6651,0,3,1,1,2,1,9,1
6658,1,2,4,1,1,1,9,1
6660,0,2,1,1,1,1,6,1
6662,0,2,1,1,1,1,6,1
6664,0,2,1,1,2,1,9,1
6672,0,2,1,1,1,1,6,1
6673,0,1,1,2,2,1,11,1
6675,0,2,1,1,1,1,6,1
6684,0,2,2,1,1,1,7,1
6685,0,3,1,1,1,1,6,1
6686,0,2,1,1,1,1,6,1
6687,0,2,1,1,1,1,6,1
6691,0,1,1,2,2,1,11,1
6696,0,2,1,1,1,1,6,1
6707,0,2,1,1,2,1,9,1
6716,0,2,1,1,1,1,6,1
6717,0,2,1,1,2,1,9,1
6722,0,2,2,2,1,1,9,1
6729,0,1,1,1,1,1,6,1
6731,0,2,1,1,2,1,9,1
6737,0,2,1,1,1,1,6,1
6742,0,2,2,1,2,1,10,1
6744,0,2,2,1,2,1,10,1
6749,0,2,1,1,1,1,6,1
6761,0,2,1,1,2,1,9,1
6763,0,1,1,1,2,1,9,1
6767,0,2,1,1,2,1,9,1
6769,0,3,1,1,2,1,9,1
6771,0,3,2,1,2,1,10,1
6775,0,3,1,1,2,1,9,1
6801,0,1,1,1,1,1,6,1
6803,0,3,1,1,1,1,6,1
6806,0,1,2,1,1,1,7,1
6815,0,1,2,1,1,1,7,1
6820,0,2,2,1,1,1,7,1
6822,0,3,1,1,1,1,6,1
6828,0,1,1,1,1,1,6,1
6837,0,1,2,2,1,1,9,1
6846,0,2,1,1,1,1,6,1
6849,0,2,1,1,2,1,9,1
6854,0,2,1,1,1,1,6,1
6857,0,2,1,1,2,1,9,1
6863,0,3,1,1,2,1,9,1
6870,0,3,1,1,1,1,6,1
6873,0,3,1,1,1,1,6,1
6874,0,2,1,1,1,1,6,1
6877,0,3,1,1,2,1,9,1
6882,0,1,1,1,2,1,9,1
6888,0,3,1,1,1,1,6,1
6908,0,1,1,1,2,1,9,1
6910,0,2,1,1,2,1,9,1
6911,0,3,1,1,1,1,6,1
6916,0,2,2,1,2,1,10,1
6921,0,3,1,1,1,1,6,1
6926,0,2,1,1,2,1,9,1
6931,0,1,1,1,1,1,6,1
6933,0,1,1,1,2,1,9,1
6934,0,2,1,1,2,1,9,1
6936,0,2,4,2,1,1,11,1
6937,0,1,1,1,2,1,9,1
6940,0,2,1,1,2,1,9,1
6944,0,2,2,1,1,1,7,1
6945,0,2,1,1,2,1,9,1
6950,0,2,1,1,2,1,9,1
6953,0,2,3,1,1,1,8,1
6956,0,1,1,1,1,1,6,1
6972,0,2,1,1,1,1,6,1
6975,0,2,1,1,1,1,6,1
6976,0,2,1,1,2,1,9,1
6977,0,3,1,1,2,1,9,1
6979,0,1,1,1,1,1,6,1
6981,0,2,1,1,2,1,9,1
6985,0,2,1,1,2,1,9,1
6998,0,1,1,1,2,1,9,1
7005,0,3,1,1,2,1,9,1
7008,0,3,1,1,1,1,6,1
7010,0,2,1,1,2,1,9,1
7014,0,1,1,1,2,1,9,1
7025,0,2,2,2,1,1,9,1
7026,0,1,1,1,1,1,6,1
7041,0,2,1,1,1,1,6,1
7053,0,1,1,1,2,1,9,1
7057,0,2,1,1,2,1,9,1
7061,0,2,1,1,2,1,9,1
7072,0,1,1,1,2,1,9,1
7073,0,2,1,1,2,1,9,1
7076,0,3,1,1,2,1,9,1
7077,0,1,1,1,1,1,6,1
7087,0,1,1,1,2,1,9,1
7094,0,2,1,1,1,1,6,1
7099,0,2,1,1,1,1,6,1
7101,0,1,1,1,1,1,6,1
7103,0,2,1,1,2,1,9,1
7106,0,2,1,1,1,1,6,1
7111,0,2,1,1,2,1,9,1
7112,0,2,1,1,2,1,9,1
7114,0,2,1,1,1,1,6,1
7117,0,2,1,1,2,1,9,1
7118,0,2,1,1,1,1,6,1
7124,0,2,1,1,1,1,6,1
7134,0,2,1,1,1,1,6,1
7139,0,2,1,1,2,1,9,1
7141,0,2,1,1,1,1,6,1
7144,0,1,1,1,2,1,9,1
7154,0,1,1,1,1,1,6,1
7156,0,1,2,1,1,1,7,1
7167,0,2,1,1,1,1,6,1
7168,0,1,1,1,1,1,6,1
7176,0,1,1,1,1,1,6,1
7181,0,1,1,1,2,1,9,1
7191,0,3,1,1,1,1,6,1
7201,0,2,1,1,1,1,6,1
7204,0,2,1,1,2,1,9,1
7206,0,2,1,1,2,1,9,1
7209,0,2,2,1,2,1,10,1
7217,0,2,1,1,2,1,9,1
7219,0,2,2,1,2,1,10,1
7224,0,2,1,1,1,1,6,1
7227,0,2,1,1,2,1,9,1
7235,0,2,1,1,2,1,9,1
7239,0,3,1,1,2,1,9,1
7240,0,2,1,1,2,1,9,1
7247,0,2,2,1,2,1,10,1
7251,0,1,1,1,2,1,9,1
7252,0,2,1,1,2,1,9,1
7254,0,1,1,1,1,1,6,1
7259,0,2,1,1,1,1,6,1
7263,0,3,2,1,2,1,10,1
7267,0,2,2,1,2,1,10,1
7272,0,2,1,1,2,1,9,1
7275,0,2,3,1,1,1,8,1
7285,0,1,1,1,2,1,9,1
7288,0,2,1,1,2,1,9,1
7301,0,2,1,1,2,1,9,1
7313,0,1,1,1,2,1,9,1
7314,0,1,1,2,2,1,11,1
7316,0,1,1,1,1,1,6,1
7326,0,3,1,1,2,1,9,1
7327,0,3,1,1,1,1,6,1
7330,0,1,1,1,2,1,9,1
7331,0,1,1,1,2,1,9,1
7337,0,2,2,2,1,1,9,1
7338,0,1,1,1,2,1,9,1
7339,0,1,1,1,2,1,9,1
7347,0,2,2,1,2,1,10,1
7354,0,3,1,1,2,1,9,1
7357,0,3,1,1,2,1,9,1
7358,0,1,1,1,1,1,6,1
7368,0,2,1,2,2,1,11,1
7371,0,2,1,1,2,1,9,1
7379,0,3,1,1,1,1,6,1
7386,0,2,1,1,2,1,9,1
7388,0,2,1,1,2,1,9,1
7392,0,2,1,1,2,1,9,1
7395,0,2,1,1,2,1,9,1
7398,0,1,1,1,1,1,6,1
7407,0,2,1,1,1,1,6,1
7412,0,2,1,1,1,1,6,1
7420,0,1,1,1,1,1,6,1
7421,0,2,2,1,1,1,7,1
7427,0,2,1,1,1,1,6,1
7429,0,2,1,1,1,1,6,1
7432,0,3,1,1,1,1,6,1
7433,0,2,1,1,1,1,6,1
7434,0,2,1,1,2,1,9,1
7435,0,2,1,1,2,1,9,1
7440,0,2,1,2,1,1,8,1
7441,0,1,1,1,2,1,9,1
7444,0,1,1,2,2,1,11,1
7445,0,3,1,1,2,1,9,1
7446,0,1,1,1,2,1,9,1
7450,0,1,1,1,2,1,9,1
7456,0,2,1,1,2,1,9,1
7465,0,1,1,1,2,1,9,1
7474,0,1,1,1,1,1,6,1
7475,0,2,1,1,2,1,9,1
7479,0,1,1,1,2,1,9,1
7483,0,2,1,1,2,1,9,1
7489,0,3,1,1,1,1,6,1
7490,0,2,1,1,1,1,6,1
7491,0,1,1,1,2,1,9,1
7492,0,3,1,1,2,1,9,1
7499,0,2,1,1,1,1,6,1
7500,0,1,2,2,1,1,9,1
7501,0,2,1,1,2,1,9,1
7505,0,1,2,2,1,1,9,1
7510,0,3,1,1,2,1,9,1
7511,0,2,2,1,2,1,10,1
7513,0,2,3,1,1,1,8,1
7517,0,3,1,1,2,1,9,1
7521,0,2,1,1,1,1,6,1
7523,0,2,1,1,1,1,6,1
7538,0,1,2,1,2,1,10,1
7540,0,3,1,1,1,1,6,1
7547,0,1,1,1,2,1,9,1
7548,0,1,1,1,1,1,6,1
7551,0,1,1,1,2,1,9,1
7555,0,2,1,1,1,1,6,1
7557,0,2,3,1,2,1,11,1
7559,0,1,1,1,1,1,6,1
7560,0,2,1,1,2,1,9,1
7570,0,3,3,2,1,1,10,1
7576,0,1,2,1,1,1,7,1
7581,0,2,1,1,1,1,6,1
7586,0,2,1,1,2,1,9,1
7595,0,2,1,1,2,1,9,1
7597,0,1,1,1,2,1,9,1
7598,0,1,1,1,1,1,6,1
7602,0,1,1,1,2,1,9,1
7608,0,2,1,1,2,1,9,1
7610,0,2,2,1,1,1,7,1
7613,0,2,1,1,1,1,6,1
7616,0,2,1,1,1,1,6,1
7620,0,3,3,1,2,1,11,1
7621,0,3,1,1,2,1,9,1
7633,0,1,1,1,1,1,6,1
7643,0,1,1,1,2,1,9,1
7650,0,2,1,1,1,1,6,1
7655,0,2,1,1,1,1,6,1
7657,0,2,1,1,2,1,9,1
7661,0,3,1,1,1,1,6,1
7667,0,2,1,1,2,1,9,1
7676,0,2,1,1,2,1,9,1
7680,1,3,1,1,2,1,9,1
7687,0,3,1,1,2,1,9,1
7694,0,2,1,1,2,1,9,1
7695,0,2,1,1,2,1,9,1
7696,0,1,1,1,1,1,6,1
7700,0,2,2,1,1,1,7,1
7702,0,2,1,1,1,1,6,1
7703,0,3,1,1,1,1,6,1
7707,0,1,1,1,2,1,9,1
7712,0,2,1,1,1,1,6,1
7713,0,2,2,1,2,1,10,1
7714,0,1,1,1,2,1,9,1
7720,0,1,1,1,1,1,6,1
7729,0,1,3,2,1,1,10,1
7731,0,2,1,1,1,1,6,1
7733,1,3,1,1,1,1,6,1
7736,0,3,1,1,2,1,9,1
7737,0,2,1,1,2,1,9,1
7744,0,2,1,1,2,1,9,1
7746,0,2,1,1,1,1,6,1
7750,0,2,1,1,1,1,6,1
7751,0,1,1,1,2,1,9,1
7753,0,3,1,1,1,1,6,1
7755,0,2,1,1,2,1,9,1
7756,0,1,1,1,1,1,6,1
7757,0,2,1,1,2,1,9,1
7760,0,2,1,1,2,1,9,1
7761,0,1,1,1,2,1,9,1
7762,0,2,1,1,1,1,6,1
7763,0,2,2,1,1,1,7,1
7764,0,2,2,1,1,1,7,1
7765,0,1,1,1,2,1,9,1
7767,0,2,1,1,2,1,9,1
7772,0,2,1,1,2,1,9,1
7777,0,2,1,1,1,1,6,1
7783,0,2,1,1,1,1,6,1
7787,0,1,1,1,2,1,9,1
7790,0,2,1,1,2,1,9,1
7793,0,2,1,1,2,1,9,1
7794,0,2,1,1,1,1,6,1
7796,0,2,1,2,2,1,11,1
7797,0,2,2,1,2,1,10,1
7802,0,1,1,1,2,1,9,1
7804,0,1,2,1,2,1,10,1
7810,0,3,1,1,1,1,6,1
7823,0,1,1,1,2,1,9,1
7825,0,2,2,2,1,1,9,1
7832,0,1,1,1,1,1,6,1
7833,0,2,1,1,1,1,6,1
7836,0,2,1,2,1,1,8,1
7840,0,2,1,1,2,1,9,1
7845,0,1,1,2,2,1,11,1
7847,0,2,1,1,2,1,9,1
7862,0,2,1,1,2,1,9,1
7863,0,1,1,1,2,1,9,1
7864,0,2,2,1,2,1,10,1
7875,0,2,2,1,2,1,10,1
7893,0,1,1,2,2,1,11,1
7898,0,2,1,1,2,1,9,1
7901,0,3,1,1,2,1,9,1
7909,0,2,1,1,2,1,9,1
7913,0,2,1,1,2,1,9,1
7918,0,2,1,1,2,1,9,1
7921,0,3,1,1,2,1,9,1
7923,0,2,4,1,1,1,9,1
7927,0,3,1,1,2,1,9,1
7936,0,2,1,1,2,1,9,1
7964,0,2,2,1,2,1,10,1
7970,0,2,1,1,1,1,6,1
7972,0,3,1,1,1,1,6,1
7974,0,2,1,1,1,1,6,1
7975,0,1,1,1,2,1,9,1
7986,0,2,1,1,2,1,9,1
7997,0,2,1,1,1,1,6,1
7998,0,1,2,1,2,1,10,1
8001,0,3,1,1,2,1,9,1
8007,0,1,1,1,1,1,6,1
8017,0,2,1,2,2,1,11,1
8018,0,1,1,1,1,1,6,1
8024,0,1,1,1,1,1,6,1
8025,0,2,1,1,2,1,9,1
8026,0,3,1,1,2,1,9,1
8030,0,3,1,1,1,1,6,1
8031,0,2,1,1,1,1,6,1
8037,0,2,1,1,1,1,6,1
8043,0,1,2,1,2,1,10,1
8045,0,2,1,1,1,1,6,1
8049,0,2,1,1,1,1,6,1
8050,0,1,1,2,2,1,11,1
8051,0,2,1,1,2,1,9,1
8055,0,2,2,3,1,1,11,1
8058,0,2,2,2,1,1,9,1
8059,0,1,1,1,2,1,9,1
8060,0,1,2,1,2,1,10,1
8063,0,1,1,1,1,1,6,1
8070,0,2,1,1,2,1,9,1
8071,0,2,1,1,1,1,6,1
8077,0,2,1,1,2,1,9,1
8083,0,2,1,1,2,1,9,1
8089,0,2,1,1,1,1,6,1
8091,0,2,1,1,2,1,9,1
8096,0,2,1,1,2,1,9,1
8105,0,1,1,1,1,1,6,1
8121,0,2,1,1,1,1,6,1
8130,0,2,2,2,1,1,9,1
8133,0,2,1,1,2,1,9,1
8135,0,2,1,1,1,1,6,1
8136,0,1,2,1,2,1,10,1
8141,0,3,1,1,1,1,6,1
8145,0,2,1,1,2,1,9,1
8151,0,2,1,1,1,1,6,1
8163,0,2,1,1,2,1,9,1
8170,0,2,1,1,1,1,6,1
8175,0,1,2,1,1,1,7,1
8181,0,2,1,1,1,1,6,1
8186,0,1,2,2,1,1,9,1
8191,0,2,1,2,2,1,11,1
8192,0,2,2,2,1,1,9,1
8193,0,1,1,1,1,1,6,1
8200,0,2,1,1,1,1,6,1
8210,0,2,1,1,1,1,6,1
8213,0,1,1,1,2,1,9,1
8214,0,3,1,1,1,1,6,1
8221,0,2,1,1,2,1,9,1
8233,0,1,1,1,2,1,9,1
8245,0,3,1,1,1,1,6,1
8251,0,3,1,1,1,1,6,1
8254,0,2,1,1,2,1,9,1
8260,0,1,1,1,2,1,9,1
8263,0,3,2,1,2,1,10,1
8266,0,1,1,1,2,1,9,1
8269,0,2,2,1,1,1,7,1
8284,0,1,1,1,2,1,9,1
8285,0,2,3,2,1,1,10,1
8287,0,1,1,1,1,1,6,1
8294,0,2,1,1,2,1,9,1
8297,0,3,2,1,2,1,10,1
8299,0,3,1,1,2,1,9,1
8301,0,2,1,1,1,1,6,1
8303,0,1,1,1,2,1,9,1
8305,0,2,3,1,2,1,11,1
8309,0,3,4,1,1,1,9,1
8311,0,1,1,1,1,1,6,1
8317,0,2,1,1,2,1,9,1
8323,0,1,1,2,1,1,8,1
8327,0,3,1,1,2,1,9,1
8329,0,1,1,1,1,1,6,1
8340,0,1,2,1,2,1,10,1
8356,0,1,1,1,1,1,6,1
8357,0,1,1,1,2,1,9,1
8358,0,2,1,1,2,1,9,1
8364,0,3,1,2,2,1,11,1
8371,0,2,2,1,2,1,10,1
8380,0,2,1,1,1,1,6,1
8381,0,2,1,1,1,1,6,1
8383,0,2,1,1,1,1,6,1
8387,0,1,1,1,1,1,6,1
8389,0,2,1,1,1,1,6,1
8398,0,3,2,1,2,1,10,1
8403,0,1,1,1,1,1,6,1
8405,0,2,1,1,1,1,6,1
8406,0,1,1,1,1,1,6,1
8410,0,2,1,1,1,1,6,1
8412,0,1,1,1,2,1,9,1
8417,0,1,1,1,1,1,6,1
8418,0,2,2,2,1,1,9,1
8428,0,2,1,1,2,1,9,1
8431,0,1,1,1,2,1,9,1
8443,0,1,1,1,1,1,6,1
8445,0,3,1,1,1,1,6,1
8446,0,2,1,1,2,1,9,1
8451,0,3,1,2,2,1,11,1
8456,0,2,1,1,2,1,9,1
8462,0,2,1,1,2,1,9,1
8464,0,1,1,1,1,1,6,1
8467,0,3,1,1,2,1,9,1
8472,0,2,1,1,2,1,9,1
8473,0,2,1,1,2,1,9,1
8478,0,1,1,1,2,1,9,1
8480,0,2,1,1,1,1,6,1
8482,0,1,1,1,1,1,6,1
8483,0,1,1,1,2,1,9,1
8484,0,1,1,1,1,1,6,1
8486,0,1,2,1,2,1,10,1
8498,0,3,1,1,1,1,6,1
8499,0,1,1,1,2,1,9,1
8500,0,3,1,1,1,1,6,1
8502,0,1,1,1,1,1,6,1
8504,0,3,2,1,2,1,10,1
8506,0,2,1,1,2,1,9,1
8507,0,2,2,1,2,1,10,1
8511,0,3,1,1,2,1,9,1
8520,0,1,1,1,2,1,9,1
8521,0,2,1,1,2,1,9,1
8526,0,1,1,1,2,1,9,1
8529,0,3,1,1,2,1,9,1
8531,0,3,1,1,1,1,6,1
8532,0,3,1,1,1,1,6,1
8534,0,1,1,2,2,1,11,1
8548,0,1,1,1,1,1,6,1
8553,0,1,1,1,2,1,9,1
8554,0,2,2,1,2,1,10,1
8560,0,2,1,1,1,1,6,1
8561,0,3,1,1,1,1,6,1
8563,0,1,2,2,1,1,9,1
8567,0,1,1,1,1,1,6,1
8570,0,2,1,1,2,1,9,1
8571,0,2,1,1,1,1,6,1
8581,0,2,1,1,2,1,9,1
8586,0,2,1,1,2,1,9,1
8589,0,3,3,1,2,1,11,1
8596,0,2,1,1,2,1,9,1
8601,0,1,1,1,2,1,9,1
8612,0,1,1,1,2,1,9,1
8615,0,1,1,1,2,1,9,1
8616,0,1,1,1,1,1,6,1
8621,0,2,1,1,2,1,9,1
8623,0,3,1,1,1,1,6,1
8626,0,2,1,1,2,1,9,1
8628,0,1,1,1,1,1,6,1
8630,0,2,1,1,1,1,6,1
8635,0,1,2,1,2,1,10,1
8636,0,2,1,1,2,1,9,1
8643,0,2,1,1,2,1,9,1
8645,0,3,1,1,1,1,6,1
8646,0,2,1,1,2,1,9,1
8647,0,3,1,1,1,1,6,1
8661,0,2,2,1,2,1,10,1
8665,0,2,1,1,2,1,9,1
8666,0,3,1,1,2,1,9,1
8667,0,2,1,1,1,1,6,1
8671,0,1,1,1,2,1,9,1
8676,0,2,1,1,1,1,6,1
8677,0,1,1,1,2,1,9,1
8679,0,1,1,1,1,1,6,1
8681,0,2,1,1,2,1,9,1
8689,0,1,1,1,2,1,9,1
8690,0,2,3,2,1,1,10,1
8698,0,2,1,1,1,1,6,1
8705,0,2,1,1,1,1,6,1
8706,0,2,2,1,1,1,7,1
8712,0,2,1,1,1,1,6,1
8728,0,3,2,1,2,1,10,1
8730,0,1,2,1,1,1,7,1
8739,0,1,1,2,2,1,11,1
8740,0,2,1,1,1,1,6,1
8742,0,2,2,2,1,1,9,1
8744,0,2,1,1,2,1,9,1
8747,0,2,1,1,1,1,6,1
8748,0,1,1,1,1,1,6,1
8749,0,2,1,1,2,1,9,1
8767,0,2,1,1,2,1,9,1
8768,0,2,1,1,1,1,6,1
8777,0,1,1,1,2,1,9,1
8778,0,2,1,1,2,1,9,1
8782,0,2,1,1,2,1,9,1
8792,0,2,2,1,1,1,7,1
8795,0,2,2,1,2,1,10,1
8798,0,2,2,1,1,1,7,1
8800,0,2,2,1,1,1,7,1
8805,0,2,1,1,1,1,6,1
8806,0,3,1,1,2,1,9,1
8809,0,2,1,1,1,1,6,1
8812,0,1,1,1,2,1,9,1
8813,0,2,1,1,1,1,6,1
8814,0,2,1,1,2,1,9,1
8819,0,1,1,1,1,1,6,1
8827,0,1,1,1,2,1,9,1
8835,0,2,1,1,2,1,9,1
8841,0,2,1,1,1,1,6,1
8843,0,1,2,2,1,1,9,1
8844,0,1,1,1,2,1,9,1
8851,0,1,1,1,2,1,9,1
8860,0,2,3,1,1,1,8,1
8867,0,3,1,1,1,1,6,1
8874,0,3,1,1,1,1,6,1
8878,0,1,1,1,2,1,9,1
8881,0,1,1,1,2,1,9,1
8882,0,1,1,1,1,1,6,1
8885,0,2,1,1,2,1,9,1
8887,0,1,1,1,2,1,9,1
8897,0,2,1,1,1,1,6,1
8900,0,3,1,1,2,1,9,1
8902,0,2,1,1,2,1,9,1
8905,0,3,1,1,1,1,6,1
8914,0,1,1,1,1,1,6,1
8916,0,2,1,1,2,1,9,1
8918,0,3,1,1,2,1,9,1
8921,0,2,1,1,2,1,9,1
8924,0,2,2,2,1,1,9,1
8925,0,2,1,1,1,1,6,1
8926,0,3,2,1,2,1,10,1
8927,0,3,1,1,2,1,9,1
8929,0,2,1,1,2,1,9,1
8930,0,3,1,1,2,1,9,1
8931,0,1,1,1,2,1,9,1
8933,0,3,2,1,2,1,10,1
8935,0,1,1,1,2,1,9,1
8936,0,1,2,1,2,1,10,1
8945,0,1,1,1,2,1,9,1
8948,0,1,1,1,2,1,9,1
8949,0,3,1,1,2,1,9,1
8960,0,2,1,2,2,1,11,1
8961,0,2,2,1,2,1,10,1
8963,0,2,1,1,2,1,9,1
8964,0,2,1,1,2,1,9,1
8966,0,2,2,1,2,1,10,1
8974,0,2,1,1,1,1,6,1
8976,0,2,1,1,2,1,9,1
8978,0,2,1,1,2,1,9,1
8983,0,1,1,1,1,1,6,1
8997,0,3,1,1,1,1,6,1
9002,0,2,1,1,2,1,9,1
9003,0,3,1,1,1,1,6,1
9016,0,1,1,1,2,1,9,1
9018,0,2,1,1,2,1,9,1
9022,0,2,1,1,1,1,6,1
9023,0,3,1,1,2,1,9,1
9030,0,2,3,1,2,1,11,1
9033,0,1,1,2,1,1,8,1
9037,0,2,1,1,1,1,6,1
9042,0,2,1,1,1,1,6,1
9049,0,2,1,1,2,1,9,1
9058,0,1,1,1,1,1,6,1
9060,0,1,1,1,1,1,6,1
9073,0,2,1,1,2,1,9,1
9076,0,2,2,2,1,1,9,1
9078,0,1,1,1,1,1,6,1
9079,0,2,1,1,2,1,9,1
9081,0,2,1,1,1,1,6,1
9082,0,3,2,1,2,1,10,1
9083,1,3,2,1,2,1,10,1
9088,0,1,1,1,2,1,9,1
9091,0,2,1,1,1,1,6,1
9101,0,2,1,1,2,1,9,1
9106,0,2,1,1,2,1,9,1
9108,0,3,1,1,2,1,9,1
9115,0,3,2,2,1,1,9,1
9119,0,2,2,1,2,1,10,1
9120,0,1,1,1,2,1,9,1
9121,0,2,1,1,2,1,9,1
9123,0,1,1,1,1,1,6,1
9125,0,3,1,1,2,1,9,1
9128,0,2,1,1,2,1,9,1
9140,0,3,3,1,2,1,11,1
9145,0,1,1,1,1,1,6,1
9150,0,3,2,1,2,1,10,1
9155,0,2,1,2,1,1,8,1
9158,0,2,1,1,1,1,6,1
9162,0,2,1,1,2,1,9,1
9166,0,2,1,1,1,1,6,1
9168,0,1,1,1,1,1,6,1
9175,0,3,1,1,2,1,9,1
9177,0,2,1,1,1,1,6,1
9181,0,1,1,1,1,1,6,1
9183,0,2,2,1,1,1,7,1
9186,0,2,1,1,1,1,6,1
9187,0,2,2,1,2,1,10,1
9188,0,1,1,1,2,1,9,1
9194,0,2,1,2,2,1,11,1
9203,0,2,1,1,2,1,9,1
9205,0,2,1,1,1,1,6,1
9210,0,3,1,1,1,1,6,1
9211,0,2,1,1,2,1,9,1
9215,0,2,1,1,2,1,9,1
9216,0,2,1,1,2,1,9,1
9226,0,2,1,1,2,1,9,1
9232,0,2,1,1,2,1,9,1
9241,0,2,1,1,2,1,9,1
9245,0,1,1,1,1,1,6,1
9246,0,1,1,1,1,1,6,1
9249,0,2,1,1,2,1,9,1
9252,0,1,1,1,1,1,6,1
9256,0,2,1,1,1,1,6,1
9261,0,3,1,1,2,1,9,1
9262,0,2,1,1,2,1,9,1
9266,0,2,1,1,1,1,6,1
9268,0,2,2,2,1,1,9,1
9269,0,3,1,1,1,1,6,1
9271,0,2,1,1,1,1,6,1
9274,0,1,1,1,1,1,6,1
9282,0,2,2,1,2,1,10,1
9287,0,1,1,1,1,1,6,1
9291,0,2,1,1,2,1,9,1
9292,0,2,1,2,2,1,11,1
9305,0,2,1,1,1,1,6,1
9312,0,1,2,1,1,1,7,1
9314,0,3,2,1,2,1,10,1
9316,0,3,1,1,1,1,6,1
9320,0,1,2,1,2,1,10,1
9324,0,2,1,1,2,1,9,1
9327,0,2,1,1,1,1,6,1
9342,0,2,1,1,1,1,6,1
9343,0,1,2,1,2,1,10,1
9348,0,3,1,1,2,1,9,1
9349,0,2,1,1,1,1,6,1
9351,0,1,1,1,1,1,6,1
9360,0,3,2,2,1,1,9,1
9361,0,1,1,1,2,1,9,1
9366,0,2,1,1,2,1,9,1
9369,0,3,1,1,1,1,6,1
9371,0,1,2,2,1,1,9,1
9375,0,2,4,1,1,1,9,1
9378,0,1,2,1,2,1,10,1
9382,0,1,1,1,1,1,6,1
9390,0,2,1,1,2,1,9,1
9393,0,1,1,1,2,1,9,1
9412,0,1,2,2,1,1,9,1
9413,0,1,2,2,1,1,9,1
9414,0,1,1,1,1,1,6,1
9416,0,2,1,1,2,1,9,1
9419,0,1,1,1,2,1,9,1
9421,0,2,1,1,1,1,6,1
9422,0,3,1,1,2,1,9,1
9423,0,3,1,1,2,1,9,1
9424,0,2,1,1,1,1,6,1
9428,0,2,2,2,1,1,9,1
9429,0,2,1,1,2,1,9,1
9443,0,2,1,1,2,1,9,1
9444,0,2,1,1,2,1,9,1
9445,0,2,1,1,1,1,6,1
9449,0,3,3,1,2,1,11,1
9459,0,1,1,1,2,1,9,1
9460,0,1,1,1,2,1,9,1
9467,0,2,1,1,2,1,9,1
9468,0,2,1,1,1,1,6,1
9470,0,2,1,2,2,1,11,1
9471,0,2,2,1,1,1,7,1
9472,0,2,2,1,2,1,10,1
9479,0,1,1,1,1,1,6,1
9481,0,2,1,1,2,1,9,1
9492,0,1,1,1,1,1,6,1
9495,0,3,2,1,1,1,7,1
9496,0,2,1,1,1,1,6,1
9498,0,2,1,1,2,1,9,1
9504,0,1,1,1,2,1,9,1
9507,0,2,2,1,1,1,7,1
9512,0,1,1,1,2,1,9,1
9520,0,2,1,1,2,1,9,1
9521,0,3,1,1,2,1,9,1
9528,0,2,1,1,2,1,9,1
9530,0,2,1,1,1,1,6,1
9532,0,2,1,1,1,1,6,1
9537,0,2,1,1,1,1,6,1
9538,0,1,1,1,2,1,9,1
9539,1,3,1,1,2,1,9,1
9543,0,2,1,1,2,1,9,1
9546,0,2,1,1,2,1,9,1
9547,0,3,1,1,2,1,9,1
9549,0,2,1,2,2,1,11,1
9554,0,1,1,2,1,1,8,1
9569,0,2,1,1,2,1,9,1
9571,0,2,1,1,2,1,9,1
9574,0,3,1,1,2,1,9,1
9578,0,2,1,1,2,1,9,1
9586,0,2,1,1,2,1,9,1
9590,0,1,1,1,2,1,9,1
9599,0,1,1,1,1,1,6,1
9601,0,1,1,1,2,1,9,1
9606,0,1,1,1,2,1,9,1
9608,0,2,2,1,1,1,7,1
9611,0,2,1,1,2,1,9,1
9614,0,1,1,1,1,1,6,1
9617,0,2,2,1,2,1,10,1
9623,0,1,1,1,2,1,9,1
9626,0,2,1,1,1,1,6,1
9627,0,1,1,1,1,1,6,1
9638,0,1,1,1,1,1,6,1
9650,0,1,1,1,2,1,9,1
9651,0,2,1,1,2,1,9,1
9654,0,2,1,1,1,1,6,1
9658,0,1,2,1,2,1,10,1
9661,0,2,2,2,1,1,9,1
9662,0,2,1,1,1,1,6,1
9672,0,2,1,1,1,1,6,1
9683,0,2,1,1,2,1,9,1
9684,0,1,2,1,2,1,10,1
9689,0,1,2,1,1,1,7,1
9698,0,1,1,1,1,1,6,1
9703,0,2,1,1,2,1,9,1
9705,0,1,1,1,1,1,6,1
9709,0,1,1,1,2,1,9,1
9722,0,3,3,1,1,1,8,1
9730,0,1,1,1,1,1,6,1
9732,0,2,1,1,1,1,6,1
9734,0,2,1,1,1,1,6,1
9736,0,1,1,1,2,1,9,1
9738,0,3,1,1,1,1,6,1
9744,0,3,1,1,1,1,6,1
9750,0,1,2,1,1,1,7,1
9757,0,3,1,1,1,1,6,1
9769,0,2,1,1,1,1,6,1
9770,0,2,1,1,2,1,9,1
9775,0,2,1,1,2,1,9,1
9776,0,2,1,1,2,1,9,1
9785,0,2,2,1,1,1,7,1
9788,0,2,2,2,1,1,9,1
9793,0,2,1,1,2,1,9,1
9794,0,3,1,1,2,1,9,1
9801,0,3,1,1,2,1,9,1
9802,0,2,3,2,1,1,10,1
9804,0,1,1,1,1,1,6,1
9806,0,2,1,1,2,1,9,1
9809,0,2,1,1,1,1,6,1
9816,0,2,1,1,2,1,9,1
9820,0,1,1,1,1,1,6,1
9822,0,2,1,1,2,1,9,1
9823,0,1,1,1,2,1,9,1
9831,0,2,1,1,1,1,6,1
9835,0,1,1,1,1,1,6,1
9842,0,2,1,1,2,1,9,1
9852,0,2,2,1,2,1,10,1
9856,0,1,1,1,2,1,9,1
9875,0,2,1,1,2,1,9,1
9877,0,1,1,2,2,1,11,1
9878,0,2,1,1,2,1,9,1
9881,0,1,1,1,2,1,9,1
9885,0,2,2,1,2,1,10,1
9893,0,1,1,1,2,1,9,1
9894,0,2,1,1,2,1,9,1
9897,0,2,1,1,1,1,6,1
9902,0,1,1,2,1,1,8,1
9907,0,2,1,1,1,1,6,1
9910,0,3,1,1,2,1,9,1
9914,0,2,1,1,2,1,9,1
9915,0,1,1,1,1,1,6,1
9920,0,2,1,1,2,1,9,1
9923,0,2,1,1,2,1,9,1
9931,0,1,1,1,1,1,6,1
9943,0,3,1,1,2,1,9,1
9946,0,1,1,1,2,1,9,1
9951,0,1,1,1,2,1,9,1
9955,0,1,1,1,2,1,9,1
9958,0,3,1,1,1,1,6,1
9959,0,2,1,1,2,1,9,1
9962,0,2,1,1,1,1,6,1
9969,0,3,1,1,2,1,9,1
9977,0,1,1,1,1,1,6,1
9983,0,2,1,1,2,1,9,1
9985,0,3,1,1,2,1,9,1
9991,0,2,1,1,2,1,9,1
10002,0,1,1,1,2,1,9,1
10004,0,2,1,1,2,1,9,1
10005,0,1,1,1,1,1,6,1
10007,0,2,1,1,1,1,6,1
10012,0,2,1,1,1,1,6,1
10013,0,2,1,1,2,1,9,1
10017,0,1,1,1,2,1,9,1
10020,0,2,1,1,1,1,6,1
10023,0,1,3,2,1,1,10,1
10028,0,2,1,1,1,1,6,1
10032,0,1,1,1,1,1,6,1
10034,0,2,1,1,2,1,9,1
10037,0,3,1,1,1,1,6,1
10038,0,3,1,1,2,1,9,1
10040,0,2,1,1,2,1,9,1
10041,0,2,1,1,2,1,9,1
10042,0,1,1,1,2,1,9,1
10052,0,2,2,1,2,1,10,1
10061,0,2,1,1,2,1,9,1
10070,0,2,1,1,2,1,9,1
10080,0,2,2,1,2,1,10,1
10095,0,1,1,1,1,1,6,1
10096,0,3,1,1,2,1,9,1
10097,0,3,1,1,1,1,6,1
10117,0,2,1,1,2,1,9,1
10119,0,1,1,1,1,1,6,1
10121,0,2,1,1,1,1,6,1
10122,0,3,1,1,2,1,9,1
10123,0,2,2,1,2,1,10,1
10124,0,2,1,1,1,1,6,1
10128,0,2,1,1,1,1,6,1
10131,0,2,1,1,1,1,6,1
10136,0,2,1,1,2,1,9,1
10137,0,1,1,1,2,1,9,1
10139,0,2,1,1,1,1,6,1
10142,0,2,1,1,2,1,9,1
10159,0,2,1,1,2,1,9,1
10160,0,1,2,2,1,1,9,1
10164,0,2,1,1,1,1,6,1
10165,0,2,1,1,2,1,9,1
10181,0,3,1,1,2,1,9,1
10184,0,2,2,1,2,1,10,1
10187,0,1,1,1,2,1,9,1
10189,0,1,1,1,2,1,9,1
10190,0,2,1,1,2,1,9,1
10199,0,2,1,1,2,1,9,1
10202,0,2,1,1,2,1,9,1
10203,0,2,1,1,2,1,9,1
10205,0,2,1,1,1,1,6,1
10206,0,2,2,1,1,1,7,1
10208,0,2,2,1,1,1,7,1
10214,0,2,4,2,1,1,11,1
10220,0,2,4,2,1,1,11,1
10221,0,3,1,1,2,1,9,1
10222,0,2,1,1,2,1,9,1
10223,0,2,1,1,2,1,9,1
10232,0,1,2,2,1,1,9,1
10239,0,3,1,1,1,1,6,1
10247,0,1,1,1,2,1,9,1
10250,0,3,1,1,2,1,9,1
10251,0,2,1,1,1,1,6,1
10252,0,3,2,2,1,1,9,1
10253,0,2,1,1,2,1,9,1
10257,0,2,1,1,2,1,9,1
10262,0,1,1,1,1,1,6,1
10263,0,3,1,1,1,1,6,1
10273,0,2,1,2,1,1,8,1
10274,0,1,1,2,2,1,11,1
10279,0,1,1,1,1,1,6,1
10281,0,2,2,1,1,1,7,1
10291,0,3,1,1,2,1,9,1
10295,0,2,1,1,2,1,9,1
10297,0,2,1,1,2,1,9,1
10301,0,2,1,1,2,1,9,1
10305,0,2,1,1,1,1,6,1
10307,0,1,1,1,1,1,6,1
10312,0,2,1,1,2,1,9,1
10313,0,2,1,2,2,1,11,1
10324,0,1,1,1,1,1,6,1
10328,0,2,1,1,2,1,9,1
10331,0,1,1,1,2,1,9,1
10333,0,1,1,1,1,1,6,1
10334,0,2,1,1,1,1,6,1
10341,0,1,2,1,2,1,10,1
10343,0,2,1,1,2,1,9,1
10348,0,1,1,1,2,1,9,1
10352,0,2,1,1,1,1,6,1
10355,0,1,1,1,2,1,9,1
10360,0,2,1,1,1,1,6,1
10368,0,2,2,1,2,1,10,1
10369,0,2,2,1,1,1,7,1
10373,0,2,1,1,2,1,9,1
10377,0,2,2,1,2,1,10,1
10379,0,1,1,1,2,1,9,1
10385,0,2,1,1,2,1,9,1
10389,0,2,2,1,2,1,10,1
10399,0,1,2,2,1,1,9,1
10400,0,1,1,1,1,1,6,1
10402,0,1,2,2,1,1,9,1
10412,0,1,1,1,2,1,9,1
10413,0,1,1,1,1,1,6,1
10414,0,2,1,1,2,1,9,1
10420,0,1,1,1,2,1,9,1
10424,0,2,1,1,2,1,9,1
10429,0,1,1,1,1,1,6,1
10431,0,2,2,1,1,1,7,1
10435,0,2,1,1,1,1,6,1
10438,0,2,3,2,1,1,10,1
10439,0,1,1,1,1,1,6,1
10450,0,2,1,1,1,1,6,1
10455,0,2,1,1,2,1,9,1
10463,0,1,1,1,2,1,9,1
10466,0,2,2,1,2,1,10,1
10467,0,1,1,1,2,1,9,1
10469,0,2,1,1,1,1,6,1
10482,0,1,1,1,2,1,9,1
10484,0,2,3,2,1,1,10,1
10485,0,2,1,1,1,1,6,1
10487,0,2,1,1,1,1,6,1
10489,0,2,1,1,2,1,9,1
10491,0,2,1,1,2,1,9,1
10493,0,2,1,1,1,1,6,1
10505,0,2,1,1,1,1,6,1
10507,0,1,1,1,1,1,6,1
10511,0,2,1,1,1,1,6,1
10514,0,2,2,1,2,1,10,1
10517,0,1,2,2,1,1,9,1
10520,0,2,1,1,1,1,6,1
10522,0,1,1,1,1,1,6,1
10524,0,2,1,1,2,1,9,1
10527,0,2,1,1,1,1,6,1
10528,0,2,1,1,2,1,9,1
10533,0,3,1,1,2,1,9,1
10535,0,2,1,1,2,1,9,1
10538,0,2,1,1,2,1,9,1
10549,0,1,1,1,2,1,9,1
10559,0,3,1,1,1,1,6,1
10560,0,2,1,1,2,1,9,1
10562,0,2,1,1,2,1,9,1
10567,0,3,1,1,1,1,6,1
10568,0,2,1,1,1,1,6,1
10572,0,1,1,1,1,1,6,1
10573,0,2,2,1,2,1,10,1
10575,0,2,1,2,2,1,11,1
10581,0,1,2,1,2,1,10,1
10595,0,1,1,1,2,1,9,1
10602,0,2,2,1,2,1,10,1
10617,0,2,1,1,2,1,9,1
10619,0,1,1,1,1,1,6,1
10624,0,3,1,1,2,1,9,1
10628,0,2,1,1,2,1,9,1
10629,0,2,1,1,2,1,9,1
10645,0,3,3,1,2,1,11,1
10646,0,1,1,1,2,1,9,1
10647,0,2,1,1,2,1,9,1
10651,0,2,1,1,2,1,9,1
10654,0,1,1,1,2,1,9,1
10655,0,2,2,2,1,1,9,1
10656,0,2,1,2,2,1,11,1
10666,0,2,1,1,2,1,9,1
10669,0,2,2,1,2,1,10,1
10673,0,1,1,1,2,1,9,1
10674,0,1,1,1,2,1,9,1
10686,0,1,3,2,1,1,10,1
10689,0,1,1,1,2,1,9,1
10695,0,3,2,1,2,1,10,1
10701,0,2,1,1,2,1,9,1
10707,0,1,1,1,1,1,6,1
10711,0,2,1,1,1,1,6,1
10714,0,2,1,1,2,1,9,1
10719,0,3,1,1,2,1,9,1
10727,0,1,1,1,1,1,6,1
10733,0,1,3,1,2,1,11,1
10736,0,1,2,1,2,1,10,1
10739,0,1,1,2,1,1,8,1
10750,0,3,1,1,1,1,6,1
10760,0,1,1,1,1,1,6,1
10762,0,1,1,1,2,1,9,1
10767,0,2,1,1,1,1,6,1
10768,0,1,1,1,2,1,9,1
10771,0,2,1,1,1,1,6,1
10774,0,3,1,1,2,1,9,1
10778,0,2,1,1,2,1,9,1
10796,0,2,1,1,2,1,9,1
10802,0,1,1,1,1,1,6,1
10806,0,2,1,1,2,1,9,1
10808,0,2,1,1,1,1,6,1
10825,0,2,1,1,2,1,9,1
10828,0,2,2,1,2,1,10,1
10831,0,1,1,1,2,1,9,1
10833,0,2,1,1,2,1,9,1
10834,0,1,2,1,2,1,10,1
10838,0,2,1,1,2,1,9,1
10839,0,2,1,1,1,1,6,1
10842,0,3,1,1,2,1,9,1
10845,0,3,1,1,2,1,9,1
10848,0,1,2,1,2,1,10,1
10854,0,2,1,1,1,1,6,1
10865,0,3,1,1,1,1,6,1
10867,0,1,1,1,1,1,6,1
10868,0,3,1,1,1,1,6,1
10878,0,3,1,1,2,1,9,1
10881,0,3,1,1,1,1,6,1
10890,0,2,1,1,1,1,6,1
10893,0,2,1,1,1,1,6,1
10895,0,1,1,1,1,1,6,1
10903,0,1,1,1,1,1,6,1
10906,0,2,1,1,2,1,9,1
10907,0,2,1,1,1,1,6,1
10912,0,2,2,1,1,1,7,1
10915,0,1,1,1,1,1,6,1
10917,0,2,1,1,1,1,6,1
10921,0,1,1,1,1,1,6,1
10925,0,2,2,2,1,1,9,1
10927,0,2,1,1,2,1,9,1
10935,0,1,1,1,2,1,9,1
10939,0,1,2,1,1,1,7,1
10940,0,2,2,2,1,1,9,1
10945,0,2,2,2,1,1,9,1
10952,0,1,1,1,1,1,6,1
10955,0,2,1,1,1,1,6,1
10960,0,3,1,1,1,1,6,1
10965,0,2,2,1,2,1,10,1
10968,0,2,1,1,2,1,9,1
10970,0,2,1,1,1,1,6,1
10974,0,3,1,1,2,1,9,1
10980,0,2,1,1,2,1,9,1
10981,0,2,1,1,1,1,6,1
10986,0,3,2,1,1,1,7,1
10999,0,2,3,1,2,1,11,1
11003,0,2,2,1,2,1,10,1
11012,0,2,1,1,2,1,9,1
11016,0,1,1,1,2,1,9,1
11027,0,2,2,1,1,1,7,1
11028,0,2,1,1,2,1,9,1
11029,0,1,1,1,1,1,6,1
11033,0,2,1,1,2,1,9,1
11035,0,2,1,1,2,1,9,1
11046,0,2,1,1,2,1,9,1
11047,0,2,2,1,2,1,10,1
11049,0,1,1,2,2,1,11,1
11051,0,1,1,1,2,1,9,1
11052,0,3,2,1,2,1,10,1
11059,0,3,2,1,2,1,10,1
11060,0,3,1,1,2,1,9,1
11067,0,2,1,1,1,1,6,1
11070,0,1,1,1,1,1,6,1
11078,0,1,1,1,1,1,6,1
11079,0,2,3,1,2,1,11,1
11081,0,2,1,1,1,1,6,1
11086,0,2,1,1,1,1,6,1
11087,0,3,1,1,1,1,6,1
11089,0,2,1,1,1,1,6,1
11106,0,1,1,1,2,1,9,1
11108,0,3,1,1,2,1,9,1
11112,0,2,3,1,2,1,11,1
11118,0,2,1,1,2,1,9,1
11124,0,2,2,1,1,1,7,1
11127,0,1,1,1,1,1,6,1
11128,0,1,1,1,1,1,6,1
11129,0,1,1,1,2,1,9,1
11137,0,2,2,1,2,1,10,1
11140,0,3,1,1,2,1,9,1
11142,0,3,1,1,2,1,9,1
11149,0,2,1,1,2,1,9,1
11158,0,2,1,1,2,1,9,1
11162,0,2,1,1,2,1,9,1
11177,0,1,2,1,2,1,10,1
11188,0,1,1,1,2,1,9,1
11189,0,2,1,1,1,1,6,1
11190,0,2,1,1,2,1,9,1
11196,0,2,1,1,2,1,9,1
11208,0,1,2,1,1,1,7,1
11211,0,1,1,1,2,1,9,1
11217,0,1,2,1,2,1,10,1
11218,0,3,1,1,2,1,9,1
11227,0,3,1,1,2,1,9,1
11230,0,1,1,1,2,1,9,1
11232,0,1,1,1,2,1,9,1
11238,0,1,1,1,1,1,6,1
11239,0,1,2,1,2,1,10,1
11241,0,2,1,1,1,1,6,1
11242,0,1,1,1,1,1,6,1
11243,0,3,1,1,2,1,9,1
11248,0,2,1,1,1,1,6,1
11252,0,1,1,1,1,1,6,1
11258,0,1,1,1,1,1,6,1
11267,0,1,1,1,2,1,9,1
11268,0,2,1,1,1,1,6,1
11272,0,3,1,1,2,1,9,1
11277,0,3,1,1,2,1,9,1
11280,0,2,1,1,2,1,9,1
11281,0,2,1,1,2,1,9,1
11287,0,3,1,1,1,1,6,1
11289,0,2,1,1,2,1,9,1
11293,0,1,1,1,1,1,6,1
11303,0,3,1,1,2,1,9,1
11308,0,2,2,1,2,1,10,1
11310,0,3,1,1,2,1,9,1
11316,0,2,1,1,1,1,6,1
11319,0,2,1,1,2,1,9,1
11323,0,2,2,1,1,1,7,1
11325,0,2,1,1,1,1,6,1
11327,0,3,1,1,2,1,9,1
11329,0,1,1,1,1,1,6,1
11330,0,2,1,1,2,1,9,1
11332,0,3,1,1,2,1,9,1
11333,0,2,1,1,2,1,9,1
11336,0,1,1,1,2,1,9,1
11345,0,2,1,1,1,1,6,1
11346,0,2,1,1,1,1,6,1
11352,0,2,1,1,2,1,9,1
11358,0,3,1,1,2,1,9,1
11359,0,1,1,1,2,1,9,1
11361,0,1,1,2,1,1,8,1
11368,0,2,1,1,1,1,6,1
11371,0,3,1,1,2,1,9,1
11372,0,1,1,2,2,1,11,1
11381,0,2,1,1,2,1,9,1
11382,0,1,1,1,2,1,9,1
11383,0,2,1,1,2,1,9,1
11390,0,2,2,1,1,1,7,1
11396,0,3,2,1,1,1,7,1
11409,0,2,1,1,1,1,6,1
11410,0,2,1,1,1,1,6,1
11413,0,2,1,1,1,1,6,1
11416,0,1,1,1,1,1,6,1
11418,0,1,1,1,1,1,6,1
11420,0,1,2,1,1,1,7,1
11425,0,2,1,1,2,1,9,1
11427,0,1,1,2,2,1,11,1
11432,0,2,1,1,1,1,6,1
11434,0,2,1,1,2,1,9,1
11439,0,3,1,1,2,1,9,1
11441,0,2,1,1,1,1,6,1
11443,0,3,1,1,1,1,6,1
11449,0,1,1,1,1,1,6,1
11469,0,2,1,1,1,1,6,1
11470,0,2,1,1,2,1,9,1
11474,0,2,1,1,1,1,6,1
11482,0,2,1,1,1,1,6,1
11483,0,2,1,1,2,1,9,1
11485,0,1,1,1,2,1,9,1
11486,0,2,1,1,1,1,6,1
11487,0,3,2,1,2,1,10,1
11488,0,3,1,1,2,1,9,1
11491,0,1,2,1,2,1,10,1
11494,0,2,2,1,2,1,10,1
11495,0,2,1,1,2,1,9,1
11496,0,1,1,1,2,1,9,1
11498,0,2,1,1,1,1,6,1
11502,0,2,1,2,2,1,11,1
11503,0,3,1,1,2,1,9,1
11506,0,1,1,1,2,1,9,1
11508,0,2,1,1,1,1,6,1
11511,0,2,1,1,1,1,6,1
11512,0,3,1,1,1,1,6,1
11521,0,2,1,1,2,1,9,1
11525,0,3,1,1,2,1,9,1
11529,0,3,1,1,1,1,6,1
11532,0,1,1,1,2,1,9,1
11536,0,2,1,1,1,1,6,1
11541,0,2,1,1,2,1,9,1
11543,0,1,1,1,2,1,9,1
11548,0,3,1,1,2,1,9,1
11552,0,2,1,1,2,1,9,1
11555,0,1,1,2,2,1,11,1
11558,0,2,1,1,1,1,6,1
11566,0,2,1,2,1,1,8,1
11581,0,2,1,1,1,1,6,1
11584,0,2,1,1,1,1,6,1
11586,0,2,1,1,2,1,9,1
11587,0,1,2,2,1,1,9,1
11588,0,1,1,2,2,1,11,1
11589,0,2,1,1,1,1,6,1
11590,0,1,1,1,2,1,9,1
11593,0,3,1,1,2,1,9,1
11597,0,2,2,1,1,1,7,1
11600,0,2,1,1,2,1,9,1
11602,0,2,1,1,2,1,9,1
11605,0,1,1,1,2,1,9,1
11606,0,2,1,2,2,1,11,1
11611,0,2,1,1,1,1,6,1
11615,0,2,1,2,2,1,11,1
11619,0,2,1,1,1,1,6,1
11628,0,2,1,1,1,1,6,1
11632,0,3,1,1,2,1,9,1
11639,0,1,1,1,1,1,6,1
11641,0,3,1,1,2,1,9,1
11645,0,1,1,1,2,1,9,1
11648,0,2,2,1,2,1,10,1
11652,0,2,1,1,1,1,6,1
11657,0,2,1,1,2,1,9,1
11660,0,1,1,1,2,1,9,1
11661,0,3,1,1,2,1,9,1
11662,0,2,1,1,2,1,9,1
11665,0,2,1,1,2,1,9,1
11668,0,2,1,1,1,1,6,1
11679,0,2,1,1,2,1,9,1
11681,0,2,1,1,2,1,9,1
11683,0,2,2,2,1,1,9,1
11695,0,2,1,1,2,1,9,1
11696,0,1,1,1,2,1,9,1
11697,0,1,1,1,1,1,6,1
11703,0,2,1,2,2,1,11,1
11710,0,2,1,1,1,1,6,1
11711,0,2,1,1,1,1,6,1
11712,0,2,1,1,2,1,9,1
11713,0,2,2,1,1,1,7,1
11716,0,1,1,1,2,1,9,1
11717,0,2,1,1,2,1,9,1
11726,0,2,1,1,1,1,6,1
11732,0,1,2,1,1,1,7,1
11737,0,2,1,1,1,1,6,1
11740,0,3,2,1,2,1,10,1
11744,0,3,1,1,2,1,9,1
11746,0,1,1,1,1,1,6,1
11752,0,1,1,1,2,1,9,1
11764,0,2,1,1,2,1,9,1
11767,0,2,1,1,2,1,9,1
11770,0,2,1,1,2,1,9,1
11773,0,3,1,1,2,1,9,1
11782,0,1,1,1,2,1,9,1
11784,0,2,1,1,2,1,9,1
11785,0,3,1,1,2,1,9,1
11790,0,2,1,1,2,1,9,1
11791,0,2,1,1,2,1,9,1
11793,0,1,1,1,1,1,6,1
11794,0,1,1,1,1,1,6,1
11803,0,2,1,1,2,1,9,1
11804,0,1,1,1,2,1,9,1
11809,0,1,1,2,1,1,8,1
11818,0,2,1,1,1,1,6,1
11823,0,2,2,1,1,1,7,1
11824,0,2,1,1,2,1,9,1
11825,0,3,2,1,2,1,10,1
11827,0,2,1,1,2,1,9,1
11828,0,1,1,1,2,1,9,1
11829,0,2,1,1,1,1,6,1
11854,0,1,1,1,1,1,6,1
11855,0,1,1,1,1,1,6,1
11860,0,1,1,1,1,1,6,1
11861,0,2,2,1,2,1,10,1
11866,0,3,1,1,2,1,9,1
11871,0,2,1,1,1,1,6,1
11874,0,1,1,1,2,1,9,1
11888,0,1,2,1,2,1,10,1
11892,0,3,1,1,1,1,6,1
11897,0,3,1,1,2,1,9,1
11914,0,3,1,1,1,1,6,1
11916,0,1,1,1,1,1,6,1
11918,0,2,1,1,1,1,6,1
11923,0,2,1,1,1,1,6,1
11926,0,2,1,1,2,1,9,1
11927,0,1,1,1,2,1,9,1
11929,0,1,1,1,2,1,9,1
11932,0,2,2,2,1,1,9,1
11935,0,1,1,1,1,1,6,1
11936,0,1,1,1,2,1,9,1
11940,0,2,1,1,2,1,9,1
11947,0,3,1,1,2,1,9,1
11948,0,2,1,1,2,1,9,1
11950,0,2,1,1,2,1,9,1
11958,0,2,1,1,1,1,6,1
11962,0,2,1,1,1,1,6,1
11970,0,2,1,1,1,1,6,1
11981,0,3,1,1,1,1,6,1
11982,0,2,1,1,2,1,9,1
11984,0,3,2,1,1,1,7,1
11987,0,2,2,1,2,1,10,1
11988,0,2,1,1,1,1,6,1
11993,0,1,1,1,2,1,9,1
11995,0,1,1,2,2,1,11,1
12000,1,2,1,1,1,1,6,1
12003,0,1,2,3,1,1,11,1
12006,0,3,1,1,1,1,6,1
12008,0,3,1,1,2,1,9,1
12011,0,2,1,1,2,1,9,1
12012,0,2,1,1,2,1,9,1
12013,0,2,2,1,2,1,10,1
12018,0,1,1,1,1,1,6,1
12023,0,2,1,2,2,1,11,1
12024,0,1,1,1,1,1,6,1
12038,0,3,1,1,2,1,9,1
12049,0,2,1,1,2,1,9,1
12050,0,2,1,1,1,1,6,1
12059,0,2,1,1,2,1,9,1
12070,0,2,1,1,1,1,6,1
12071,0,2,2,1,1,1,7,1
12072,0,2,1,1,1,1,6,1
12078,0,2,1,1,1,1,6,1
12079,0,1,1,1,1,1,6,1
12080,0,2,1,1,2,1,9,1
12086,0,3,1,1,2,1,9,1
12087,0,3,2,1,2,1,10,1
12091,0,1,1,1,2,1,9,1
12096,0,2,1,1,2,1,9,1
12103,0,2,1,1,2,1,9,1
12104,0,1,1,1,1,1,6,1
12105,0,2,1,1,2,1,9,1
12110,0,2,1,1,1,1,6,1
12116,0,3,1,1,1,1,6,1
12117,0,2,1,1,1,1,6,1
12121,0,2,1,1,2,1,9,1
12124,0,1,1,1,1,1,6,1
12125,0,2,1,1,2,1,9,1
12126,0,3,1,1,2,1,9,1
12133,0,2,1,1,1,1,6,1
12135,0,3,2,1,1,1,7,1
12137,0,1,1,1,2,1,9,1
12140,0,2,1,1,1,1,6,1
12145,0,2,1,2,2,1,11,1
12151,0,2,1,1,1,1,6,1
12163,0,1,1,1,1,1,6,1
12165,0,2,1,1,1,1,6,1
12166,0,2,1,1,2,1,9,1
12170,0,2,1,1,1,1,6,1
12171,0,2,4,2,1,1,11,1
12178,0,2,2,1,2,1,10,1
12179,0,3,1,2,2,1,11,1
12182,0,2,1,1,2,1,9,1
12185,0,2,1,1,1,1,6,1
12196,0,2,1,1,2,1,9,1
12197,0,3,1,1,1,1,6,1
12200,0,3,1,1,1,1,6,1
12202,0,2,1,1,2,1,9,1
12204,0,2,1,1,2,1,9,1
12209,0,1,1,1,2,1,9,1
12210,0,2,1,1,2,1,9,1
12211,0,1,1,2,2,1,11,1
12213,0,2,1,1,2,1,9,1
12216,0,2,1,1,1,1,6,1
12221,0,2,1,1,2,1,9,1
12223,0,1,1,2,2,1,11,1
12228,0,3,2,1,2,1,10,1
12229,0,2,1,1,2,1,9,1
12230,0,1,2,1,1,1,7,1
12234,0,2,1,1,1,1,6,1
12237,0,2,1,1,2,1,9,1
12245,0,2,1,1,1,1,6,1
12257,0,2,1,1,1,1,6,1
12262,0,1,1,1,1,1,6,1
12270,0,1,1,1,2,1,9,1
12272,0,1,1,1,1,1,6,1
12279,0,1,1,1,2,1,9,1
12282,0,2,3,1,2,1,11,1
12312,0,3,1,1,1,1,6,1
12314,0,3,1,1,2,1,9,1
12316,0,2,1,1,2,1,9,1
12317,0,2,1,1,1,1,6,1
12318,0,2,1,1,1,1,6,1
12324,0,2,1,1,2,1,9,1
12335,0,1,1,1,2,1,9,1
12352,0,2,1,1,2,1,9,1
12353,0,3,1,1,2,1,9,1
12354,0,2,2,1,2,1,10,1
12360,0,1,1,1,2,1,9,1
12374,0,1,1,1,2,1,9,1
12378,0,2,2,1,2,1,10,1
12384,0,1,1,1,2,1,9,1
12394,0,3,2,1,2,1,10,1
12395,0,2,1,1,1,1,6,1
12398,0,1,1,1,2,1,9,1
12401,0,2,1,1,1,1,6,1
12402,0,2,1,1,1,1,6,1
12404,0,2,1,1,2,1,9,1
12406,0,1,2,2,1,1,9,1
12416,0,1,2,1,1,1,7,1
12422,0,1,1,1,2,1,9,1
12424,0,2,1,1,2,1,9,1
12425,0,2,1,1,2,1,9,1
12439,0,2,2,1,2,1,10,1
12443,0,3,1,1,1,1,6,1
12445,0,2,2,1,1,1,7,1
12451,0,1,1,1,2,1,9,1
12454,0,2,1,1,2,1,9,1
12468,0,3,1,1,1,1,6,1
12473,0,2,1,1,2,1,9,1
12474,0,1,1,1,2,1,9,1
12483,0,1,1,1,1,1,6,1
12496,0,2,2,1,2,1,10,1
12503,0,1,1,1,2,1,9,1
12509,0,2,1,1,2,1,9,1
12519,0,1,1,1,1,1,6,1
12523,0,1,1,1,2,1,9,1
12524,0,2,1,1,1,1,6,1
12528,0,2,1,1,2,1,9,1
12535,0,1,1,1,2,1,9,1
12536,0,2,2,1,2,1,10,1
12543,0,3,1,1,2,1,9,1
12546,0,2,1,1,2,1,9,1
12550,0,2,1,1,2,1,9,1
12554,0,1,1,1,1,1,6,1
12558,0,1,1,1,1,1,6,1
12562,0,3,1,1,1,1,6,1
12565,0,2,1,1,2,1,9,1
12567,0,1,1,1,1,1,6,1
12568,0,2,1,1,1,1,6,1
12574,0,1,1,1,1,1,6,1
12577,0,3,1,1,2,1,9,1
12591,0,2,1,1,1,1,6,1
12594,0,2,1,1,2,1,9,1
12595,0,2,1,1,2,1,9,1
12598,0,2,2,1,2,1,10,1
12600,0,1,2,1,2,1,10,1
12602,0,2,1,1,1,1,6,1
12603,0,1,2,1,2,1,10,1
12605,0,2,1,1,2,1,9,1
12613,0,3,1,1,1,1,6,1
12619,0,1,2,2,1,1,9,1
12631,0,1,1,1,2,1,9,1
12638,0,1,2,2,1,1,9,1
12640,0,2,1,2,2,1,11,1
12656,0,2,1,1,1,1,6,1
12658,0,2,1,1,1,1,6,1
12659,0,3,2,1,2,1,10,1
12674,0,2,2,1,2,1,10,1
12678,0,2,1,1,1,1,6,1
12688,0,1,1,1,2,1,9,1
12690,0,2,1,1,1,1,6,1
12698,0,1,1,1,2,1,9,1
12719,0,1,1,1,2,1,9,1
12744,0,1,1,1,1,1,6,1
12751,0,1,1,1,2,1,9,1
12752,0,1,1,1,2,1,9,1
12754,0,2,1,1,2,1,9,1
12755,0,2,1,1,1,1,6,1
12760,0,2,1,1,1,1,6,1
12761,0,2,1,1,1,1,6,1
12764,0,1,1,1,2,1,9,1
12768,0,2,1,1,2,1,9,1
12769,0,2,1,1,2,1,9,1
12772,0,2,1,1,2,1,9,1
12785,0,2,1,1,2,1,9,1
12787,0,2,1,1,2,1,9,1
12793,0,2,2,2,1,1,9,1
12799,0,2,1,1,1,1,6,1
12800,0,2,1,1,2,1,9,1
12803,0,1,1,1,2,1,9,1
12816,0,2,1,1,2,1,9,1
12818,0,1,1,1,2,1,9,1
12821,0,2,1,1,2,1,9,1
12837,0,1,1,1,1,1,6,1
12838,0,2,1,1,2,1,9,1
12841,0,1,1,1,1,1,6,1
12844,0,2,1,1,1,1,6,1
12846,0,2,1,1,1,1,6,1
12856,0,2,1,1,2,1,9,1
12861,0,2,1,1,1,1,6,1
12864,0,2,1,1,2,1,9,1
12870,0,1,1,1,2,1,9,1
12879,0,2,1,1,2,1,9,1
12883,0,2,2,1,1,1,7,1
12886,0,1,1,1,2,1,9,1
12889,0,2,1,1,2,1,9,1
12895,0,3,1,1,2,1,9,1
12899,0,2,1,1,1,1,6,1
12903,0,1,1,1,2,1,9,1
12904,0,2,2,2,1,1,9,1
12905,0,1,1,1,1,1,6,1
12908,0,2,1,1,1,1,6,1
12919,0,2,2,2,1,1,9,1
12921,0,1,1,1,2,1,9,1
12923,0,2,1,1,2,1,9,1
12924,0,2,1,1,2,1,9,1
12928,0,1,1,1,2,1,9,1
12932,0,2,1,2,2,1,11,1
12936,0,3,1,1,1,1,6,1
12941,0,2,1,1,2,1,9,1
12949,0,2,1,1,2,1,9,1
12953,0,1,1,1,1,1,6,1
12955,0,2,1,1,2,1,9,1
12959,0,2,1,1,2,1,9,1
12960,0,1,2,1,1,1,7,1
12975,0,2,1,1,2,1,9,1
12976,0,3,1,1,2,1,9,1
12977,0,2,1,1,2,1,9,1
12980,0,3,1,1,2,1,9,1
12981,0,2,1,1,1,1,6,1
12989,0,3,1,1,1,1,6,1
12990,0,1,1,2,2,1,11,1
12993,0,2,1,1,2,1,9,1
13002,0,2,1,1,2,1,9,1
13006,0,2,2,1,1,1,7,1
13009,0,2,1,1,1,1,6,1
13010,0,1,1,1,2,1,9,1
13014,0,1,2,1,2,1,10,1
13015,0,2,2,1,1,1,7,1
13020,0,2,1,1,2,1,9,1
13021,0,2,1,1,2,1,9,1
13025,0,3,1,1,1,1,6,1
13030,0,2,1,1,1,1,6,1
13039,0,3,1,1,1,1,6,1
13051,0,2,1,1,1,1,6,1
13053,0,2,2,1,2,1,10,1
13054,0,3,1,1,1,1,6,1
13056,0,2,1,1,1,1,6,1
13062,0,3,1,1,2,1,9,1
13066,0,1,1,1,2,1,9,1
13086,0,2,1,1,1,1,6,1
13088,0,2,1,1,2,1,9,1
13090,0,2,1,1,1,1,6,1
13093,0,1,1,1,2,1,9,1
13104,0,2,1,1,2,1,9,1
13112,0,3,1,1,2,1,9,1
13113,0,2,1,1,1,1,6,1
13117,0,1,2,3,1,1,11,1
13119,0,3,1,1,1,1,6,1
13127,0,1,2,1,2,1,10,1
13128,0,2,1,1,1,1,6,1
13129,0,2,1,1,2,1,9,1
13134,0,1,1,1,1,1,6,1
13141,0,1,2,1,2,1,10,1
13143,0,1,1,1,1,1,6,1
13145,0,3,1,1,2,1,9,1
13151,0,1,1,1,2,1,9,1
13152,0,2,1,1,1,1,6,1
13158,0,2,1,1,2,1,9,1
13162,0,2,1,1,2,1,9,1
13166,0,2,1,1,1,1,6,1
13169,0,3,2,1,2,1,10,1
13170,0,1,1,2,2,1,11,1
13173,0,3,1,1,1,1,6,1
13175,0,2,1,1,2,1,9,1
13180,0,2,1,1,2,1,9,1
13185,0,2,1,1,1,1,6,1
13197,0,1,1,1,1,1,6,1
13199,0,3,1,1,2,1,9,1
13208,0,2,1,1,2,1,9,1
13210,0,2,1,1,2,1,9,1
13216,0,2,1,1,1,1,6,1
13218,0,2,1,1,2,1,9,1
13219,0,2,1,1,2,1,9,1
13224,0,2,1,1,2,1,9,1
13233,0,2,2,1,2,1,10,1
13240,0,2,1,1,2,1,9,1
13243,0,2,1,1,1,1,6,1
13245,0,2,1,1,1,1,6,1
13246,0,2,1,1,1,1,6,1
13249,0,1,1,1,1,1,6,1
13253,0,1,2,1,1,1,7,1
13256,0,2,1,1,2,1,9,1
13257,0,2,1,1,2,1,9,1
13258,0,2,1,1,1,1,6,1
13259,0,2,1,1,2,1,9,1
13261,0,2,1,1,2,1,9,1
13266,0,3,1,1,1,1,6,1
13271,0,2,1,1,2,1,9,1
13278,0,1,1,1,2,1,9,1
13279,0,2,3,1,2,1,11,1
13281,0,2,1,1,2,1,9,1
13284,0,2,1,1,1,1,6,1
13290,0,1,1,1,2,1,9,1
13297,0,2,1,1,1,1,6,1
13298,0,1,1,1,2,1,9,1
13299,0,3,1,1,2,1,9,1
13302,0,1,1,1,2,1,9,1
13303,0,2,1,1,1,1,6,1
13309,0,2,1,1,2,1,9,1
13310,0,3,1,1,1,1,6,1
13314,0,1,1,1,1,1,6,1
13317,0,2,1,1,2,1,9,1
13319,0,2,1,1,2,1,9,1
13320,0,2,1,1,1,1,6,1
13324,0,1,1,1,2,1,9,1
13325,0,2,1,1,2,1,9,1
13328,0,1,1,1,2,1,9,1
13331,0,2,2,2,1,1,9,1
13336,0,2,1,1,2,1,9,1
13339,0,2,1,1,1,1,6,1
13341,0,2,1,1,1,1,6,1
13345,0,2,1,1,1,1,6,1
13353,0,2,1,1,2,1,9,1
13357,0,3,1,1,1,1,6,1
13364,0,2,1,1,1,1,6,1
13368,0,3,1,1,2,1,9,1
13370,0,2,1,1,2,1,9,1
13382,0,1,1,1,1,1,6,1
13386,0,2,1,1,1,1,6,1
13387,0,1,1,1,2,1,9,1
13389,0,2,2,1,1,1,7,1
13390,0,2,2,1,2,1,10,1
13398,0,2,1,1,1,1,6,1
13400,0,2,1,1,2,1,9,1
13413,0,2,1,1,1,1,6,1
13414,0,2,1,1,2,1,9,1
13424,0,2,1,1,1,1,6,1
13425,0,1,1,2,2,1,11,1
13426,0,2,1,1,2,1,9,1
13430,0,2,2,1,2,1,10,1
13433,0,1,1,1,2,1,9,1
13434,0,3,1,1,1,1,6,1
13442,0,2,1,1,1,1,6,1
13443,0,2,1,1,1,1,6,1
13446,0,2,1,1,2,1,9,1
13451,0,2,1,1,1,1,6,1
13457,0,3,2,1,1,1,7,1
13458,0,1,1,1,1,1,6,1
13460,0,1,1,2,2,1,11,1
13461,0,3,2,1,2,1,10,1
13468,0,1,2,1,2,1,10,1
13475,0,2,1,1,1,1,6,1
13476,0,2,1,1,2,1,9,1
13480,0,1,2,2,1,1,9,1
13482,0,1,1,1,2,1,9,1
13488,0,2,1,1,2,1,9,1
13492,0,2,1,1,1,1,6,1
13506,0,2,1,1,2,1,9,1
13507,0,1,1,1,2,1,9,1
13509,0,2,1,1,1,1,6,1
13514,0,3,1,1,2,1,9,1
13515,0,2,2,3,1,1,11,1
13516,0,2,1,1,2,1,9,1
13529,0,2,1,1,2,1,9,1
13533,0,2,2,1,2,1,10,1
13536,0,1,2,1,1,1,7,1
13540,0,1,1,1,2,1,9,1
13545,0,2,1,1,2,1,9,1
13550,0,2,1,1,2,1,9,1
13552,0,1,1,1,2,1,9,1
13553,0,2,2,1,2,1,10,1
13561,0,1,1,1,1,1,6,1
13562,0,1,1,1,1,1,6,1
13569,0,2,1,1,2,1,9,1
13571,0,2,1,2,2,1,11,1
13572,0,2,1,1,1,1,6,1
13578,0,2,1,1,1,1,6,1
13584,0,1,2,1,2,1,10,1
13588,0,2,1,1,1,1,6,1
13589,0,2,1,1,2,1,9,1
13592,0,2,1,1,2,1,9,1
13601,0,1,1,1,2,1,9,1
13604,0,1,1,1,2,1,9,1
13605,0,1,1,1,1,1,6,1
13607,0,2,1,1,2,1,9,1
13608,0,1,1,1,1,1,6,1
13609,0,3,1,1,2,1,9,1
13616,0,1,1,1,2,1,9,1
13618,0,1,1,1,2,1,9,1
13623,0,1,1,1,2,1,9,1
13625,0,1,1,1,1,1,6,1
13632,0,2,1,1,1,1,6,1
13639,0,1,2,1,1,1,7,1
13649,0,3,1,1,2,1,9,1
13652,0,3,1,1,1,1,6,1
13664,0,1,2,1,1,1,7,1
13666,0,3,1,1,1,1,6,1
13671,0,1,1,1,2,1,9,1
13675,0,1,1,1,1,1,6,1
13677,0,2,1,1,1,1,6,1
13679,0,2,1,1,2,1,9,1
13681,0,1,1,1,2,1,9,1
13691,0,2,1,1,2,1,9,1
13692,0,2,1,1,2,1,9,1
13702,0,2,1,2,2,1,11,1
13705,0,1,1,1,2,1,9,1
13708,0,2,1,1,2,1,9,1
13714,0,2,1,1,2,1,9,1
13722,0,1,2,1,2,1,10,1
13730,0,1,1,1,1,1,6,1
13732,0,1,1,1,1,1,6,1
13733,0,1,1,1,1,1,6,1
13734,0,2,1,1,1,1,6,1
13740,0,1,1,1,2,1,9,1
13762,0,2,1,1,1,1,6,1
13764,0,3,1,1,1,1,6,1
13768,0,2,1,1,2,1,9,1
13771,0,2,1,1,2,1,9,1
13778,0,1,1,1,2,1,9,1
13783,0,3,1,1,2,1,9,1
13784,0,3,2,1,2,1,10,1
13785,0,2,2,1,2,1,10,1
13786,0,2,1,1,1,1,6,1
13789,0,1,1,1,2,1,9,1
13801,0,1,1,1,2,1,9,1
13804,0,1,1,1,2,1,9,1
13805,0,2,1,1,2,1,9,1
13806,0,1,1,1,2,1,9,1
13811,0,1,4,2,1,1,11,1
13814,0,2,2,1,2,1,10,1
13819,0,2,1,1,2,1,9,1
13821,0,1,1,2,2,1,11,1
13822,0,1,1,1,2,1,9,1
13824,0,1,2,1,1,1,7,1
13827,0,1,1,1,1,1,6,1
13832,0,1,2,2,1,1,9,1
13835,0,2,1,1,1,1,6,1
13839,0,1,1,1,1,1,6,1
13840,0,3,1,1,1,1,6,1
13842,0,2,1,1,2,1,9,1
13848,0,3,1,1,2,1,9,1
13849,0,3,1,2,2,1,11,1
13851,0,2,2,2,1,1,9,1
13852,0,2,4,2,1,1,11,1
13868,0,2,1,1,2,1,9,1
13877,0,3,1,1,2,1,9,1
13878,0,2,1,1,2,1,9,1
13880,0,2,1,1,2,1,9,1
13882,0,2,1,1,2,1,9,1
13893,0,2,1,1,1,1,6,1
13894,0,3,1,1,1,1,6,1
13901,0,1,1,1,2,1,9,1
13905,0,1,1,1,2,1,9,1
13914,0,1,1,1,1,1,6,1
13918,0,1,1,1,1,1,6,1
13926,0,3,1,1,1,1,6,1
13927,0,3,1,1,2,1,9,1
13933,0,2,1,1,1,1,6,1
13937,0,2,1,1,1,1,6,1
13944,0,1,1,1,2,1,9,1
13946,0,3,2,1,2,1,10,1
13948,0,1,1,1,2,1,9,1
13950,0,2,2,1,2,1,10,1
13957,0,2,1,1,1,1,6,1
13965,0,3,1,2,1,1,8,1
13971,0,3,1,1,2,1,9,1
13972,0,1,1,2,2,1,11,1
13973,0,1,1,1,2,1,9,1
13976,0,1,1,1,2,1,9,1
13978,0,2,1,1,2,1,9,1
13985,0,1,1,1,1,1,6,1
13991,0,1,1,1,2,1,9,1
13994,0,2,1,1,2,1,9,1
14003,0,2,1,1,2,1,9,1
14005,0,1,2,1,2,1,10,1
14011,0,3,1,1,2,1,9,1
14012,0,1,1,1,1,1,6,1
14016,0,3,1,1,2,1,9,1
14020,0,2,1,1,2,1,9,1
14028,0,2,1,1,1,1,6,1
14029,0,2,1,1,2,1,9,1
14030,0,3,1,1,2,1,9,1
14031,0,2,1,1,1,1,6,1
14040,0,1,1,1,2,1,9,1
14043,0,1,1,1,1,1,6,1
14044,0,1,1,1,1,1,6,1
14045,0,1,1,1,1,1,6,1
14046,0,2,2,2,1,1,9,1
14047,0,1,1,1,2,1,9,1
14052,0,3,3,1,1,1,8,1
14053,0,2,1,1,1,1,6,1
14055,0,2,1,1,2,1,9,1
14060,0,1,1,1,1,1,6,1
14063,0,3,1,1,2,1,9,1
14064,0,2,1,1,2,1,9,1
14066,0,1,1,1,2,1,9,1
14067,0,1,1,1,2,1,9,1
14071,0,3,1,1,2,1,9,1
14078,0,1,1,1,2,1,9,1
14082,0,1,1,1,1,1,6,1
14083,0,1,2,2,1,1,9,1
14085,0,2,1,1,2,1,9,1
14087,0,2,1,1,2,1,9,1
14090,0,2,1,1,2,1,9,1
14092,0,3,2,2,1,1,9,1
14099,0,3,1,1,2,1,9,1
14100,0,3,1,1,2,1,9,1
14103,0,1,1,2,2,1,11,1
14115,0,3,1,1,2,1,9,1
14116,0,1,1,1,1,1,6,1
14120,0,3,2,1,1,1,7,1
14133,0,2,1,1,2,1,9,1
14140,0,1,1,1,2,1,9,1
14143,0,1,1,1,2,1,9,1
14148,0,2,4,1,1,1,9,1
14149,0,2,1,1,2,1,9,1
14157,0,2,1,1,2,1,9,1
14158,0,1,1,1,1,1,6,1
14160,0,2,1,2,2,1,11,1
14163,0,1,1,1,2,1,9,1
14173,0,2,1,1,1,1,6,1
14177,0,1,1,1,1,1,6,1
14179,0,2,1,1,1,1,6,1
14180,0,3,1,1,2,1,9,1
14183,0,1,1,1,2,1,9,1
14186,0,1,1,1,2,1,9,1
14188,0,2,1,1,2,1,9,1
14189,0,2,1,1,2,1,9,1
14191,0,3,2,1,2,1,10,1
14196,0,2,1,1,2,1,9,1
14199,0,2,1,1,2,1,9,1
14201,0,2,1,1,2,1,9,1
14202,0,1,1,1,1,1,6,1
14206,0,2,1,1,1,1,6,1
14207,0,2,1,1,1,1,6,1
14208,0,3,1,1,1,1,6,1
14209,0,3,1,1,1,1,6,1
14214,0,1,1,1,1,1,6,1
14218,0,3,1,1,1,1,6,1
14220,0,1,1,1,2,1,9,1
14224,0,2,2,2,1,1,9,1
14228,0,2,1,1,1,1,6,1
14234,0,3,1,1,1,1,6,1
14239,0,2,1,1,2,1,9,1
14251,0,2,3,1,2,1,11,1
14260,0,2,2,1,1,1,7,1
14273,0,2,1,1,2,1,9,1
14276,0,2,1,1,2,1,9,1
14284,0,2,1,1,2,1,9,1
14288,0,3,1,1,1,1,6,1
14291,0,2,1,1,2,1,9,1
14292,0,1,1,1,1,1,6,1
14295,0,3,1,1,1,1,6,1
14296,0,3,1,1,2,1,9,1
14299,0,2,1,1,1,1,6,1
14303,0,2,1,1,1,1,6,1
14305,0,2,1,1,2,1,9,1
14306,0,3,1,1,1,1,6,1
14310,0,1,1,1,2,1,9,1
14317,0,1,1,1,1,1,6,1
14320,0,3,1,1,1,1,6,1
14330,0,1,1,2,2,1,11,1
14336,0,1,1,1,2,1,9,1
14341,0,2,1,1,2,1,9,1
14343,0,2,1,1,2,1,9,1
14348,0,2,1,1,2,1,9,1
14351,0,2,1,1,1,1,6,1
14353,0,3,1,1,1,1,6,1
14357,0,2,1,1,2,1,9,1
14363,0,1,1,1,2,1,9,1
14364,0,1,1,1,2,1,9,1
14368,0,3,1,1,1,1,6,1
14369,0,3,1,1,1,1,6,1
14370,0,3,1,1,2,1,9,1
14373,0,2,1,1,1,1,6,1
14382,0,1,1,2,2,1,11,1
14388,0,2,2,1,2,1,10,1
14390,0,1,1,1,1,1,6,1
14393,0,2,1,1,2,1,9,1
14396,0,2,1,1,2,1,9,1
14397,0,2,1,1,2,1,9,1
14400,0,1,1,1,1,1,6,1
14401,0,2,1,1,2,1,9,1
14403,0,2,1,1,1,1,6,1
14404,1,3,1,1,2,1,9,1
14405,0,2,1,1,2,1,9,1
14406,0,2,1,1,2,1,9,1
14409,0,2,1,1,1,1,6,1
14411,0,2,1,1,1,1,6,1
14415,0,1,1,2,2,1,11,1
14426,0,1,1,1,1,1,6,1
14432,0,3,1,1,2,1,9,1
14435,0,1,1,1,2,1,9,1
14436,0,1,1,1,1,1,6,1
14440,0,1,1,1,2,1,9,1
14446,0,1,1,1,2,1,9,1
14449,0,1,1,1,1,1,6,1
14451,0,3,1,1,2,1,9,1
14454,0,2,1,1,1,1,6,1
14455,0,2,1,1,2,1,9,1
14456,0,2,1,1,2,1,9,1
14458,0,1,1,1,1,1,6,1
14459,1,1,2,2,1,1,9,1
14461,0,2,1,1,2,1,9,1
14463,0,2,1,1,2,1,9,1
14468,0,3,1,1,2,1,9,1
14469,0,3,1,1,2,1,9,1
14473,0,1,2,1,2,1,10,1
14474,0,2,1,1,2,1,9,1
14476,0,2,2,1,2,1,10,1
14483,0,1,1,2,1,1,8,1
14485,0,2,3,1,1,1,8,1
14492,0,2,1,1,2,1,9,1
14494,0,3,1,1,1,1,6,1
14502,0,3,2,1,2,1,10,1
14513,0,2,1,1,2,1,9,1
14516,0,1,1,1,1,1,6,1
14517,0,2,1,1,1,1,6,1
14521,0,2,1,1,1,1,6,1
14524,0,3,1,1,1,1,6,1
14525,0,1,2,2,1,1,9,1
14535,0,2,1,1,2,1,9,1
14537,0,2,1,1,1,1,6,1
14538,0,1,1,1,2,1,9,1
14542,0,3,1,1,1,1,6,1
14543,0,3,1,1,2,1,9,1
14545,0,2,1,1,2,1,9,1
14552,0,1,2,2,1,1,9,1
14555,0,2,1,2,2,1,11,1
14559,0,1,1,1,2,1,9,1
14562,0,2,1,1,2,1,9,1
14571,0,3,1,1,1,1,6,1
14572,0,2,3,1,2,1,11,1
14580,0,1,1,1,1,1,6,1
14582,0,2,2,1,2,1,10,1
14585,0,2,1,1,1,1,6,1
14586,0,2,1,1,2,1,9,1
14613,0,2,2,1,1,1,7,1
14616,0,1,2,1,2,1,10,1
14618,0,3,1,1,2,1,9,1
14620,0,1,1,1,2,1,9,1
14621,0,1,1,1,1,1,6,1
14628,0,2,1,1,1,1,6,1
14636,0,2,1,1,1,1,6,1
14654,0,3,1,1,1,1,6,1
14663,0,2,1,1,2,1,9,1
14665,0,2,2,2,1,1,9,1
14669,0,2,1,1,2,1,9,1
14674,0,1,2,1,1,1,7,1
14683,0,1,1,1,2,1,9,1
14684,0,1,1,1,1,1,6,1
14687,0,2,2,1,1,1,7,1
14689,0,2,1,1,2,1,9,1
14697,0,2,1,1,1,1,6,1
14701,0,2,1,1,2,1,9,1
14704,0,3,2,1,2,1,10,1
14705,0,1,1,1,2,1,9,1
14720,0,2,1,1,1,1,6,1
14724,0,1,1,1,1,1,6,1
14725,0,2,2,1,1,1,7,1
14729,0,3,2,1,1,1,7,1
14736,0,2,1,1,2,1,9,1
14737,0,1,1,1,2,1,9,1
14747,0,2,1,1,1,1,6,1
14757,0,1,1,1,2,1,9,1
14759,0,1,2,1,1,1,7,1
14760,0,1,1,1,1,1,6,1
14766,0,2,1,1,2,1,9,1
14767,0,2,1,1,1,1,6,1
14768,0,1,1,2,1,1,8,1
14771,0,1,1,1,2,1,9,1
14775,0,2,1,1,2,1,9,1
14778,0,2,1,1,1,1,6,1
14783,0,1,1,1,1,1,6,1
14785,0,3,1,1,2,1,9,1
14800,0,3,2,1,2,1,10,1
14807,0,2,1,1,1,1,6,1
14808,0,1,1,1,2,1,9,1
14812,0,3,1,1,2,1,9,1
14813,0,2,1,1,2,1,9,1
14814,0,3,1,1,2,1,9,1
14819,0,1,1,1,1,1,6,1
14824,0,2,1,1,1,1,6,1
14825,0,2,1,1,1,1,6,1
14832,0,3,1,1,1,1,6,1
14833,0,2,1,1,1,1,6,1
14834,0,3,2,1,1,1,7,1
14846,0,2,2,1,1,1,7,1
14849,0,2,2,1,2,1,10,1
14851,0,2,1,1,2,1,9,1
14852,0,2,1,1,1,1,6,1
14858,0,2,1,1,2,1,9,1
14868,0,2,1,1,2,1,9,1
14871,0,1,1,1,1,1,6,1
14874,0,2,1,1,1,1,6,1
14877,0,3,1,1,1,1,6,1
14884,0,3,1,1,2,1,9,1
14890,0,2,1,1,2,1,9,1
14892,0,2,1,1,1,1,6,1
14893,0,2,1,2,2,1,11,1
14900,0,1,1,1,2,1,9,1
14902,0,2,1,1,2,1,9,1
14904,0,3,1,1,1,1,6,1
14928,0,2,1,1,1,1,6,1
14934,0,3,1,1,1,1,6,1
14942,0,3,1,1,2,1,9,1
14947,0,2,1,1,1,1,6,1
14950,0,2,1,1,1,1,6,1
14958,0,2,3,1,2,1,11,1
14961,0,3,1,1,1,1,6,1
14964,0,2,1,1,2,1,9,1
14965,0,1,1,1,1,1,6,1
14966,0,2,1,1,2,1,9,1
14975,0,1,1,1,1,1,6,1
14977,0,1,1,1,1,1,6,1
14987,0,3,1,1,2,1,9,1
14988,0,2,1,1,1,1,6,1
14994,0,3,1,1,1,1,6,1
15005,0,1,1,1,2,1,9,1
15012,0,3,1,1,2,1,9,1
15016,0,2,1,1,1,1,6,1
15025,0,3,1,1,1,1,6,1
15027,0,2,1,1,2,1,9,1
15038,0,2,1,1,2,1,9,1
15041,0,2,1,1,1,1,6,1
15042,0,2,1,1,2,1,9,1
15044,0,1,1,1,1,1,6,1
15045,0,1,1,1,1,1,6,1
15054,0,2,1,1,1,1,6,1
15061,0,2,1,1,2,1,9,1
15062,0,2,1,1,1,1,6,1
15065,0,2,1,1,1,1,6,1
15075,0,2,1,1,2,1,9,1
15084,0,3,1,1,2,1,9,1
15085,0,1,2,1,1,1,7,1
15086,0,1,1,1,1,1,6,1
15091,0,1,1,1,1,1,6,1
15093,0,1,1,1,2,1,9,1
15096,0,2,1,1,2,1,9,1
15100,0,1,1,1,2,1,9,1
15101,0,2,1,1,1,1,6,1
15105,0,2,1,1,1,1,6,1
15109,0,3,1,1,2,1,9,1
15115,0,2,2,1,2,1,10,1
15124,0,2,1,1,2,1,9,1
15127,0,2,1,1,1,1,6,1
15129,0,1,1,1,1,1,6,1
15135,0,2,3,2,1,1,10,1
15139,0,1,1,1,1,1,6,1
15142,0,3,1,1,2,1,9,1
15146,0,2,4,1,1,1,9,1
15147,0,1,1,1,2,1,9,1
15150,0,2,1,1,1,1,6,1
15158,0,1,1,1,2,1,9,1
15161,0,1,2,2,1,1,9,1
15177,0,3,1,1,2,1,9,1
15180,0,2,1,1,1,1,6,1
15182,0,3,1,1,1,1,6,1
15188,0,2,1,1,1,1,6,1
15195,0,2,1,1,2,1,9,1
15207,0,3,1,1,2,1,9,1
15209,0,2,1,1,1,1,6,1
15211,0,2,1,1,2,1,9,1
15214,0,1,2,1,1,1,7,1
15216,0,2,1,1,1,1,6,1
15218,0,3,1,1,1,1,6,1
15228,0,1,1,1,2,1,9,1
15230,0,2,1,1,1,1,6,1
15234,0,2,2,1,1,1,7,1
15249,0,1,1,1,2,1,9,1
15255,0,3,1,1,2,1,9,1
15257,0,2,1,1,1,1,6,1
15258,0,1,1,1,2,1,9,1
15259,0,2,1,1,2,1,9,1
15263,0,1,1,1,1,1,6,1
15280,0,3,1,1,1,1,6,1
15282,0,2,1,1,1,1,6,1
15293,0,3,1,1,1,1,6,1
15300,0,2,1,1,1,1,6,1
15302,0,2,1,1,1,1,6,1
15309,0,1,1,1,1,1,6,1
15312,0,1,2,1,1,1,7,1
15317,0,2,1,1,1,1,6,1
15319,0,2,1,1,1,1,6,1
15320,0,2,2,1,2,1,10,1
15323,0,2,2,1,2,1,10,1
15327,0,3,1,1,1,1,6,1
15333,0,1,1,1,2,1,9,1
15350,0,3,1,1,1,1,6,1
15351,0,1,1,1,1,1,6,1
15356,0,1,1,1,2,1,9,1
15362,0,1,1,2,1,1,8,1
15364,0,3,2,1,2,1,10,1
15370,0,2,2,1,1,1,7,1
15371,0,2,1,1,2,1,9,1
15373,0,2,1,1,2,1,9,1
15381,0,3,1,1,2,1,9,1
15383,0,3,1,1,2,1,9,1
15388,0,2,2,1,1,1,7,1
15389,0,2,1,1,2,1,9,1
15393,0,2,3,1,2,1,11,1
15394,0,2,1,1,2,1,9,1
15403,0,1,1,1,1,1,6,1
15405,0,2,1,1,1,1,6,1
15410,0,2,1,1,2,1,9,1
15419,0,2,1,1,1,1,6,1
15420,0,1,1,1,2,1,9,1
15422,0,2,3,1,2,1,11,1
15423,0,3,1,1,2,1,9,1
15427,0,2,1,1,1,1,6,1
15435,0,2,1,1,2,1,9,1
15440,0,2,1,1,1,1,6,1
15445,0,3,1,1,1,1,6,1
15456,0,1,1,1,2,1,9,1
15458,0,1,1,1,2,1,9,1
15463,0,2,1,1,1,1,6,1
15465,0,2,1,1,2,1,9,1
15466,0,2,1,1,2,1,9,1
15474,0,2,2,1,2,1,10,1
15488,0,1,1,1,1,1,6,1
15491,0,3,1,1,1,1,6,1
15494,0,3,1,1,1,1,6,1
15496,0,2,1,2,2,1,11,1
15502,0,1,2,2,1,1,9,1
15505,0,1,2,2,1,1,9,1
15510,0,1,2,1,2,1,10,1
15511,0,1,1,2,2,1,11,1
15512,0,3,1,1,2,1,9,1
15514,0,2,1,1,2,1,9,1
15526,0,2,1,1,2,1,9,1
15527,0,1,2,2,1,1,9,1
15530,0,2,1,1,2,1,9,1
15534,0,2,1,1,1,1,6,1
15537,0,3,1,1,1,1,6,1
15538,0,1,1,1,1,1,6,1
15540,0,2,1,1,1,1,6,1
